a,b,c,h_C_at_two_integer_Horner,det_two_I_minus_C_integer_Bareiss
9,10,11,18576,37152
9,10,12,110320,220640
9,11,12,125388,250776
10,11,12,-59760,-119520
10,11,13,52800,105600
10,11,14,260656,521312
10,12,13,43440,86880
10,12,14,241920,483840
10,13,14,324240,648480
11,12,13,-249084,-498168
11,12,14,-122472,-244944
11,12,15,132840,265680
11,12,16,537156,1074312
11,13,14,-179696,-359392
11,13,15,51480,102960
11,13,16,444180,888360
11,14,15,102816,205632
11,14,16,493864,987728
11,15,16,717840,1435680
12,13,14,-626616,-1253232
12,13,15,-499460,-998920
12,13,16,-202644,-405288
12,13,17,289728,579456
12,13,18,1003552,2007104
12,14,15,-638280,-1276560
12,14,16,-387072,-774144
12,14,17,74088,148176
12,14,18,774144,1548288
12,15,16,-400460,-800920
12,15,17,40500,81000
12,15,18,739040,1478080
12,16,17,228060,456120
12,16,18,941056,1882112
12,17,18,1423008,2846016
13,14,15,-1301040,-2602080
13,14,16,-1195656,-2391312
13,14,17,-871136,-1742272
13,14,18,-295056,-590112
13,14,19,565008,1130016
13,14,20,1741480,3482960
13,14,21,3266784,6533568
13,15,16,-1462500,-2925000
13,15,17,-1213290,-2426580
13,15,18,-696176,-1392352
13,15,19,124800,249600
13,15,20,1285596,2571192
13,15,21,2822170,5644340
13,16,17,-1338504,-2677008
13,16,18,-868320,-1736640
13,16,19,-73116,-146232
13,16,20,1086780,2173560
13,16,21,2651040,5302080
13,17,18,-763848,-1527696
13,17,19,23154,46308
13,17,20,1201360,2402720
13,17,21,2814336,5628672
13,18,19,465504,931008
13,18,20,1685664,3371328
13,18,21,3373000,6746000
13,19,20,2596020,5192040
13,19,21,4387974,8775948
13,20,21,5920200,11840400
14,15,16,-2419704,-4839408
14,15,17,-2369520,-4739040
14,15,18,-2041200,-4082400
14,15,19,-1394784,-2789568
14,15,20,-390312,-780624
14,15,21,1012176,2024352
14,15,22,2852640,5705280
14,15,23,5171040,10342080
14,16,17,-2826152,-5652304
14,16,18,-2612736,-5225472
14,16,19,-2062872,-4125744
14,16,20,-1132544,-2265088
14,16,21,222264,444528
14,16,22,2045568,4091136
14,16,23,4381384,8762768
14,17,18,-2912976,-5825952
14,17,19,-2446640,-4893280
14,17,20,-1576120,-3152240
14,17,21,-253152,-506304
14,17,22,1570528,3141056
14,17,23,3943184,7886368
14,18,19,-2488752,-4977504
14,18,20,-1658880,-3317760
14,18,21,-346896,-693792
14,18,22,1499904,2999808
14,18,23,3934224,7868448
14,19,20,-1318664,-2637328
14,19,21,8208,16416
14,19,22,1906080,3812160
14,19,23,4432288,8864576
14,20,21,879336,1758672
14,20,22,2861440,5722880
14,20,23,5515160,11030320
14,21,22,4438368,8876736
14,21,23,7260624,14521248
14,22,23,9746464,19492928
15,16,17,-4176540,-8353080
15,16,18,-4228640,-8457280
15,16,19,-3933024,-7866048
15,16,20,-3241116,-6482232
15,16,21,-2104340,-4208680
15,16,22,-474120,-948240
15,16,23,1698120,3396240
15,16,24,4460956,8921912
15,16,25,7862964,15725928
15,17,18,-4955040,-9910080
15,17,19,-4825620,-9651240
15,17,20,-4279500,-8559000
15,17,21,-3263490,-6526980
15,17,22,-1724400,-3448800
15,17,23,390960,781920
15,17,24,3135780,6271560
15,17,25,6563250,13126500
15,18,19,-5383160,-10766320
15,18,20,-4968864,-9937728
15,18,21,-4058320,-8116640
15,18,22,-2593520,-5187040
15,18,23,-516456,-1032912
15,18,24,2230880,4461760
15,18,25,5706496,11412992
15,19,20,-5240952,-10481904
15,19,21,-4415144,-8830288
15,19,22,-3002160,-6004320
15,19,23,-938970,-1877940
15,19,24,1837456,3674912
15,19,25,5390148,10780296
15,20,21,-4260276,-8520552
15,20,22,-2871000,-5742000
15,20,23,-791424,-1582848
15,20,24,2046708,4093416
15,20,25,5711652,11423304
15,21,22,-2120720,-4241440
15,21,23,11340,22680
15,21,24,2949836,5899672
15,21,25,6768454,13536908
15,22,23,1554480,3108960
15,22,24,4638040,9276080
15,22,25,8658000,17316000
15,23,24,7202520,14405040
15,23,25,11477736,22955472
15,24,25,15325108,30650216
16,17,18,-6820704,-13641408
16,17,19,-7038612,-14077224
16,17,20,-6827540,-13655080
16,17,21,-6129144,-12258288
16,17,22,-4885080,-9770160
16,17,23,-3037004,-6074008
16,17,24,-526572,-1053144
16,17,25,2704560,5409120
16,17,26,6714736,13429472
16,17,27,11562300,23124600
16,18,19,-8136096,-16272192
16,18,20,-8156160,-16312320
16,18,21,-7666400,-15332800
16,18,22,-6603264,-13206528
16,18,23,-4903200,-9806400
16,18,24,-2502656,-5005312
16,18,25,661920,1323840
16,18,26,4654080,9308160
16,18,27,9537376,19074752
16,19,20,-9075564,-18151128
16,19,21,-8779596,-17559192
16,19,22,-7881192,-15762384
16,19,23,-6311376,-12622752
16,19,24,-4001172,-8002344
16,19,25,-881604,-1763208
16,19,26,3116304,6232608
16,19,27,8061528,16123056
16,20,21,-9388260,-18776520
16,20,22,-8632320,-17264640
16,20,23,-7168700,-14337400
16,20,24,-4922784,-9845568
16,20,25,-1819956,-3639912
16,20,26,2214400,4428800
16,20,27,7254900,14509800
16,21,22,-8770104,-17540208
16,21,23,-7382340,-14764680
16,21,24,-5168156,-10336312
16,21,25,-2047080,-4094160
16,21,26,2061360,4122720
16,21,27,7237636,14475272
16,22,23,-6859464,-13718928
16,22,24,-4637952,-9275904
16,22,25,-1456920,-2913840
16,22,26,2770176,5540352
16,22,27,8129880,16259760
16,23,24,-3232836,-6465672
16,23,25,56580,113160
16,23,26,4453840,8907680
16,23,27,10051776,20103552
16,24,25,2599476,5198952
16,24,26,7225344,14450688
16,24,27,13123468,26246936
16,25,26,11197680,22395360
16,25,27,17465100,34930200
16,26,27,23196816,46393632
17,18,19,-10665936,-21331872
17,18,20,-11132640,-22265280
17,18,21,-11076264,-22152528
17,18,22,-10427472,-20854944
17,18,23,-9116928,-18233856
17,18,24,-7075296,-14150592
17,18,25,-4233240,-8466480
17,18,26,-521424,-1042848
17,18,27,4129488,8258976
17,18,28,9788832,19577664
17,18,29,16525944,33051888
17,18,30,24410160,48820320
17,19,20,-12727220,-25454440
17,19,21,-12982662,-25965324
17,19,22,-12621072,-25242144
17,19,23,-11567276,-23134552
17,19,24,-9746100,-19492200
17,19,25,-7082370,-14164740
17,19,26,-3500912,-7001824
17,19,27,1073448,2146896
17,19,28,6715884,13431768
17,19,29,13501570,27003140
17,19,30,21505680,43011360
17,20,21,-14394240,-28788480
17,20,22,-14304200,-28608400
17,20,23,-13490140,-26980280
17,20,24,-11870820,-23741640
17,20,25,-9365000,-18730000
17,20,26,-5891440,-11782880
17,20,27,-1368900,-2737800
17,20,28,4283860,8567720
17,20,29,11148080,22296160
17,20,30,19305000,38610000
17,21,22,-15382800,-30765600
17,21,23,-14784714,-29569428
17,21,24,-13341672,-26683344
17,21,25,-10966140,-21932280
17,21,26,-7570584,-15141168
17,21,27,-3067470,-6134940
17,21,28,2630736,5261472
17,21,29,9611568,19223136
17,21,30,17962560,35925120
17,22,23,-15350192,-30700384
17,22,24,-14050872,-28101744
17,22,25,-11770800,-23541600
17,22,26,-8415920,-16831840
17,22,27,-3892176,-7784352
17,22,28,1894488,3788976
17,22,29,9038128,18076256
17,22,30,17632800,35265600
17,23,24,-13890636,-27781272
17,23,25,-11663990,-23327980
17,23,26,-8305024,-16610048
17,23,27,-3712932,-7425864
17,23,28,2213092,4426184
17,23,29,9573854,19147708
17,23,30,18470160,36940320
17,24,25,-10530720,-21061440
17,24,26,-7115472,-14230944
17,24,27,-2399652,-4799304
17,24,28,3724524,7449048
17,24,29,11364840,22729680
17,24,30,20629080,41258160
17,25,26,-4724840,-9449680
17,25,27,177750,355500
17,25,28,6566760,13133520
17,25,29,14557180,29114360
17,25,30,24264000,48528000
17,26,27,4149360,8298720
17,26,28,10877776,21755552
17,26,29,19296968,38593936
17,26,30,29529360,59058720
17,27,28,16795548,33591096
17,27,29,25730298,51460596
17,27,30,36579600,73159200
17,28,29,34003264,68006528
17,28,30,45569160,91138320
17,29,30,56652480,113304960
18,19,20,-16100640,-32201280
18,19,21,-16921856,-33843712
18,19,22,-17111856,-34223712
18,19,23,-16589016,-33178032
18,19,24,-15271712,-30543424
18,19,25,-13078320,-26156640
18,19,26,-9927216,-19854432
18,19,27,-5736776,-11473552
18,19,28,-425376,-850752
18,19,29,6088608,12177216
18,19,30,13886800,27773600
18,19,31,23050824,46101648
18,19,32,33662304,67324608
18,20,21,-19167840,-38335680
18,20,22,-19768320,-39536640
18,20,23,-19629216,-39258432
18,20,24,-18662400,-37324800
18,20,25,-16779744,-33559488
18,20,26,-13893120,-27786240
18,20,27,-9914400,-19828800
18,20,28,-4755456,-9510912
18,20,29,1671840,3343680
18,20,30,9455616,18911232
18,20,31,18684000,37368000
18,20,32,29445120,58890240
18,21,22,-21831824,-43663648
18,21,23,-22060080,-44120160
18,21,24,-21426016,-42852032
18,21,25,-19834760,-39669520
18,21,26,-17191440,-34382880
18,21,27,-13401184,-26802368
18,21,28,-8369120,-16738240
18,21,29,-2000376,-4000752
18,21,30,5799920,11599840
18,21,31,15126640,30253280
18,21,32,26074656,52149312
18,22,23,-23772528,-47545056
18,22,24,-23446016,-46892032
18,22,25,-22119120,-44238240
18,22,26,-19689984,-39379968
18,22,27,-16056752,-32113504
18,22,28,-11117568,-22235136
18,22,29,-4770576,-9541152
18,22,30,3086080,6172160
18,22,31,12554256,25108512
18,22,32,23735808,47471616
18,23,24,-24605856,-49211712
18,23,25,-23508576,-47017152
18,23,26,-21256560,-42513120
18,23,27,-17740728,-35481456
18,23,28,-12852000,-25704000
18,23,29,-6481296,-12962592
18,23,30,1480464,2960928
18,23,31,11142360,22284720
18,23,32,22613472,45226944
18,24,25,-23878880,-47757760
18,24,26,-21758976,-43517952
18,24,27,-18312736,-36625472
18,24,28,-13423616,-26847232
18,24,29,-6975072,-13950144
18,24,30,1149440,2298880
18,24,31,11066464,22132928
18,24,32,22892544,45785088
18,25,26,-21065040,-42130080
18,25,27,-17632400,-35264800
18,25,28,-12683616,-25367232
18,25,29,-6094440,-12188880
18,25,30,2259376,4518752
18,25,31,12502080,25004160
18,25,32,24757920,49515840
18,26,27,-15559344,-31118688
18,26,28,-10483200,-20966400
18,26,29,-3681936,-7363872
18,26,30,4976640,9953280
18,26,31,15624720,31249440
18,26,32,28394496,56788992
18,27,28,-6673568,-13347136
18,27,29,419904,839808
18,27,30,9467600,18935200
18,27,31,20609896,41219792
18,27,32,33987168,67974336
18,28,29,6368544,12737088
18,28,30,15898624,31797248
18,28,31,27633120,55266240
18,28,32,41720832,83441664
18,29,30,24436080,48872160
18,29,31,36869904,73739808
18,29,32,51780384,103560768
18,30,31,48495760,96991520
18,30,32,64350720,128701440
18,31,32,79616736,159233472
19,20,21,-23598684,-47197368
19,20,22,-24906360,-49812720
19,20,23,-25459400,-50918800
19,20,24,-25162524,-50325048
19,20,25,-23920452,-47840904
19,20,26,-21637904,-43275808
19,20,27,-18219600,-36439200
19,20,28,-13570260,-27140520
19,20,29,-7594604,-15189208
19,20,30,-197352,-394704
19,20,31,8716776,17433552
19,20,32,19243060,38486120
19,20,33,31476780,62953560
19,20,34,45513216,91026432
19,21,22,-27990192,-55980384
19,21,23,-29072736,-58145472
19,21,24,-29276492,-58552984
19,21,25,-28498974,-56997948
19,21,26,-26637696,-53275392
19,21,27,-23590172,-47180344
19,21,28,-19253916,-38507832
19,21,29,-13526442,-27052884
19,21,30,-6305264,-12610528
19,21,31,2512104,5024208
19,21,32,13028148,26056296
19,21,33,25345354,50690708
19,21,34,39566208,79132416
19,22,23,-31981296,-63962592
19,22,24,-32668680,-65337360
19,22,25,-32337360,-64674720
19,22,26,-30877392,-61754784
19,22,27,-28178832,-56357664
19,22,28,-24131736,-48263472
19,22,29,-18626160,-37252320
19,22,30,-11552160,-23104320
19,22,31,-2799792,-5599584
19,22,32,7740888,15481776
19,22,33,20179824,40359648
19,22,34,34626960,69253920
19,23,24,-35213472,-70426944
19,23,25,-35301780,-70603560
19,23,26,-34214696,-68429392
19,23,27,-31834566,-63669132
19,23,28,-28043736,-56087472
19,23,29,-22724552,-45449104
19,23,30,-15759360,-31518720
19,23,31,-7030506,-14061012
19,23,32,3579664,7159328
19,23,33,16188804,32377608
19,23,34,30914568,61829136
19,24,25,-37258404,-74516808
19,24,26,-36507312,-73014624
19,24,27,-34406360,-68812720
19,24,28,-30829932,-61659864
19,24,29,-25652412,-51304824
19,24,30,-18748184,-37496368
19,24,31,-9991632,-19983264
19,24,32,742860,1485720
19,24,33,13580908,27161816
19,24,34,28648128,57296256
19,25,26,-37612944,-75225888
19,25,27,-35743200,-71486400
19,25,28,-32330340,-64660680
19,25,29,-27240534,-54481068
19,25,30,-20339952,-40679904
19,25,31,-11494764,-22989528
19,25,32,-571140,-1142280
19,25,33,12564750,25129500
19,25,34,28046736,56093472
19,26,27,-35694072,-71388144
19,26,28,-32384976,-64769952
19,26,29,-27319712,-54639424
19,26,30,-20355984,-40711968
19,26,31,-11351496,-22702992
19,26,32,-163952,-327904
19,26,33,13348944,26697888
19,26,34,29329488,58658976
19,27,28,-30833856,-61667712
19,27,29,-25720740,-51441480
19,27,30,-18617600,-37235200
19,27,31,-9373422,-18746844
19,27,32,2162808,4325616
19,27,33,16142104,32284208
19,27,34,32715480,65430960
19,28,29,-22274412,-44548824
19,28,30,-14946120,-29892240
19,28,31,-5372136,-10744272
19,28,32,6607524,13215048
19,28,33,21152844,42305688
19,28,34,38423808,76847616
19,29,30,-9162864,-18325728
19,29,31,840768,1681536
19,29,32,13368580,26737160
19,29,33,28589778,57179556
19,29,34,46673568,93347136
19,30,31,9453696,18907392
19,30,32,22644360,45288720
19,30,33,38661520,77323040
19,30,34,57683856,115367712
19,31,32,34633248,69266496
19,31,33,51576684,103153368
19,31,34,71673768,143347536
19,32,33,67543884,135087768
19,32,34,88862400,177724800
19,33,34,109468848,218937696
20,21,22,-33730920,-67461840
20,21,23,-35686980,-71373960
20,21,24,-36748404,-73496808
20,21,25,-36804816,-73609632
20,21,26,-35745840,-71491680
20,21,27,-33461100,-66922200
20,21,28,-29840220,-59680440
20,21,29,-24772824,-49545648
20,21,30,-18148536,-36297072
20,21,31,-9856980,-19713960
20,21,32,212220,424440
20,21,33,12169440,24338880
20,21,34,26125056,52250112
20,21,35,42189444,84378888
20,21,36,60472980,120945960
20,22,23,-39831320,-79662640
20,22,24,-41564160,-83128320
20,22,25,-42261000,-84522000
20,22,26,-41803520,-83607040
20,22,27,-40073400,-80146800
20,22,28,-36952320,-73904640
20,22,29,-32321960,-64643920
20,22,30,-26064000,-52128000
20,22,31,-18060120,-36120240
20,22,32,-8192000,-16384000
20,22,33,3658680,7317360
20,22,34,17610240,35220480
20,22,35,33781000,67562000
20,22,36,52289280,104578560
20,23,24,-45548460,-91096920
20,23,25,-46868204,-93736408
20,23,26,-46993360,-93986720
20,23,27,-45797400,-91594800
20,23,28,-43153796,-86307592
20,23,29,-38936020,-77872040
20,23,30,-33017544,-66035088
20,23,31,-25271840,-50543680
20,23,32,-15572380,-31144760
20,23,33,-3792636,-7585272
20,23,34,10193920,20387840
20,23,35,26513816,53027632
20,23,36,45293580,90587160
20,24,25,-50482692,-100965384
20,24,26,-51162624,-102325248
20,24,27,-50471100,-100942200
20,24,28,-48273120,-96546240
20,24,29,-44433684,-88867368
20,24,30,-38817792,-77635584
20,24,31,-31290444,-62580888
20,24,32,-21716640,-43433280
20,24,33,-9961380,-19922760
20,24,34,4110336,8220672
20,24,35,20633508,41267016
20,24,36,39743136,79486272
20,25,26,-54158576,-108317152
20,25,27,-53932500,-107865000
20,25,28,-52138764,-104277528
20,25,29,-48633632,-97267264
20,25,30,-43273368,-86546736
20,25,31,-35914236,-71828472
20,25,32,-26412500,-52825000
20,25,33,-14624424,-29248848
20,25,34,-406272,-812544
20,25,35,16385692,32771384
20,25,36,35895204,71790408
20,26,27,-56019600,-112039200
20,26,28,-54579200,-109158400
20,26,29,-51354544,-102709088
20,26,30,-46192896,-92385792
20,26,31,-38941520,-77883040
20,26,32,-29447680,-58895360
20,26,33,-17558640,-35117280
20,26,34,-3121664,-6243328
20,26,35,14015984,28031968
20,26,36,34007040,68014080
20,27,28,-55422900,-110845800
20,27,29,-52415100,-104830200
20,27,30,-47385000,-94770000
20,27,31,-40170600,-80341200
20,27,32,-30609900,-61219800
20,27,33,-18540900,-37081800
20,27,34,-3801600,-7603200
20,27,35,13770000,27540000
20,27,36,34335900,68671800
20,28,29,-51633980,-103267960
20,28,30,-46658304,-93316608
20,28,31,-39399780,-78799560
20,28,32,-29686880,-59373760
20,28,33,-17348076,-34696152
20,28,34,-2211840,-4423680
20,28,35,15893356,31786712
20,28,36,37139040,74278080
20,29,30,-43821432,-87642864
20,29,31,-36427364,-72854728
20,29,32,-26466340,-52932680
20,29,33,-13757040,-27514080
20,29,34,1881856,3763712
20,29,35,20631668,41263336
20,29,36,42673716,85347432
20,30,31,-31051656,-62103312
20,30,32,-20736000,-41472000
20,30,33,-7544664,-15089328
20,30,34,8713728,17427456
20,30,35,28230552,56461104
20,30,36,51197184,102394368
20,31,32,-12283580,-24567160
20,31,33,1512180,3024360
20,31,34,18518016,37036032
20,31,35,38935624,77871248
20,31,36,62966700,125933400
20,32,33,13636620,27273240
20,32,34,31528960,63057920
20,32,35,52992500,105985000
20,32,36,78239520,156479040
20,33,34,47980800,95961600
20,33,35,70646796,141293592
20,33,36,97272900,194545800
20,34,35,92144128,184288256
20,34,36,120324096,240648192
20,35,36,147650364,295300728
21,22,23,-47177424,-94354848
21,22,24,-49977752,-99955504
21,22,25,-51725520,-103451040
21,22,26,-52293744,-104587488
21,22,27,-51555440,-103110880
21,22,28,-49383624,-98767248
21,22,29,-45651312,-91302624
21,22,30,-40231520,-80463040
21,22,31,-32997264,-65994528
21,22,32,-23821560,-47643120
21,22,33,-12577424,-25154848
21,22,34,862128,1724256
21,22,35,16624080,33248160
21,22,36,34835416,69670832
21,22,37,55623120,111246240
21,22,38,79114176,158228352
21,22,39,105435568,210871136
21,23,24,-55445796,-110891592
21,23,25,-58032450,-116064900
21,23,26,-59406480,-118812960
21,23,27,-59432184,-118864368
21,23,28,-57973860,-115947720
21,23,29,-54895806,-109791612
21,23,30,-50062320,-100124640
21,23,31,-43337700,-86675400
21,23,32,-34586244,-69172488
21,23,33,-23672250,-47344500
21,23,34,-10460016,-20920032
21,23,35,5186160,10372320
21,23,36,23401980,46803960
21,23,37,44323146,88646292
21,23,38,68085360,136170720
21,23,39,94824324,189648648
21,24,25,-63365144,-126730288
21,24,26,-65527056,-131054112
21,24,27,-66297532,-132595064
21,24,28,-65531876,-131063752
21,24,29,-63085392,-126170784
21,24,30,-58813384,-117626768
21,24,31,-52571156,-105142312
21,24,32,-44214012,-88428024
21,24,33,-33597256,-67194512
21,24,34,-20576192,-41152384
21,24,35,-5006124,-10012248
21,24,36,13257644,26515288
21,24,37,34359808,68719616
21,24,38,58445064,116890128
21,24,39,85658108,171316216
21,25,26,-70491960,-140983920
21,25,27,-71978150,-143956300
21,25,28,-71874240,-143748480
21,25,29,-70026264,-140052528
21,25,30,-66280256,-132560512
21,25,31,-60482250,-120964500
21,25,32,-52478280,-104956560
21,25,33,-42114380,-84228760
21,25,34,-29236584,-58473168
21,25,35,-13690926,-27381852
21,25,36,4676560,9353120
21,25,37,26019840,52039680
21,25,38,50492880,100985760
21,25,39,78249646,156499292
21,26,27,-76300704,-152601408
21,26,28,-76817520,-153635040
21,26,29,-75524616,-151049232
21,26,30,-72258480,-144516960
21,26,31,-66855600,-133711200
21,26,32,-59152464,-118304928
21,26,33,-48985560,-97971120
21,26,34,-36191376,-72382752
21,26,35,-20606400,-41212800
21,26,36,-2067120,-4134240
21,26,37,19589976,39179952
21,26,38,44528400,89056800
21,26,39,72911664,145823328
21,27,28,-80178284,-160356568
21,27,29,-79386642,-158773284
21,27,30,-76543600,-153087200
21,27,31,-71475824,-142951648
21,27,32,-64009980,-128019960
21,27,33,-53972734,-107945468
21,27,34,-41190752,-82381504
21,27,35,-25490700,-50981400
21,27,36,-6699244,-13398488
21,27,37,15356950,30713900
21,27,38,40851216,81702432
21,27,39,69956888,139913776
21,28,29,-81418536,-162837072
21,28,30,-78931160,-157862320
21,28,31,-74127540,-148255080
21,28,32,-66824244,-133648488
21,28,33,-56837840,-113675680
21,28,34,-43984896,-87969792
21,28,35,-28081980,-56163960
21,28,36,-8945660,-17891320
21,28,37,13607496,27214992
21,28,38,39760920,79521840
21,28,39,69698044,139396088
21,29,30,-79216704,-158433408
21,29,31,-74595366,-149190732
21,29,32,-67368672,-134737344
21,29,33,-57342816,-114685632
21,29,34,-44323992,-88647984
21,29,35,-28118394,-56236788
21,29,36,-8532216,-17064432
21,29,37,14628348,29256696
21,29,38,41557104,83114208
21,29,39,72447858,144895716
21,30,31,-72663920,-145327840
21,30,32,-65416680,-130833360
21,30,33,-55249600,-110499200
21,30,34,-41958224,-83916448
21,30,35,-25338096,-50676192
21,30,36,-5184760,-10369520
21,30,37,18706240,37412480
21,30,38,46539360,93078720
21,30,39,78519056,157038112
21,31,32,-60741684,-121483368
21,31,33,-50320130,-100640260
21,31,34,-36637776,-73275552
21,31,35,-19479240,-38958480
21,31,36,1370860,2741720
21,31,37,26127906,52255812
21,31,38,55007280,110014560
21,31,39,88224364,176448728
21,32,33,-42316344,-84632688
21,32,34,-28112832,-56225664
21,32,35,-10279980,-20559960
21,32,36,11408796,22817592
21,32,37,37180080,74360160
21,32,38,67260456,134520912
21,32,39,101876508,203753016
21,33,34,-16133576,-32267152
21,33,35,2521530,5043060
21,33,36,25203200,50406400
21,33,37,52149496,104298992
21,33,38,83598480,167196960
21,33,39,119788214,239576428
21,34,35,19187136,38374272
21,34,36,43028224,86056448
21,34,37,71322888,142645776
21,34,38,104320944,208641888
21,34,39,142272208,284544416
21,35,36,65158020,130316040
21,35,37,94986990,189973980
21,35,38,129727440,259454880
21,35,39,169641216,339282432
21,36,37,123428536,246857072
21,36,38,160117560,320235120
21,36,39,202207964,404415928
21,37,38,195790896,391581792
21,37,39,240285178,480570356
21,38,39,284185584,568371168
22,23,24,-64740456,-129480912
22,23,25,-68619120,-137238240
22,23,26,-71267984,-142535968
22,23,27,-72541872,-145083744
22,23,28,-72295608,-144591216
22,23,29,-70384016,-140768032
22,23,30,-66661920,-133323840
22,23,31,-60984144,-121968288
22,23,32,-53205512,-106411024
22,23,33,-43180848,-86361696
22,23,34,-30764976,-61529952
22,23,35,-15812720,-31625440
22,23,36,1821096,3642192
22,23,37,22281648,44563296
22,23,38,45714112,91428224
22,23,39,72263664,144527328
22,23,40,102075480,204150960
22,23,41,135294736,270589472
22,24,25,-75719160,-151438320
22,24,26,-79402752,-158805504
22,24,27,-81676232,-163352464
22,24,28,-82384896,-164769792
22,24,29,-81374040,-162748080
22,24,30,-78488960,-156977920
22,24,31,-73574952,-147149904
22,24,32,-66477312,-132954624
22,24,33,-57041336,-114082672
22,24,34,-45112320,-90224640
22,24,35,-30535560,-61071120
22,24,36,-13156352,-26312704
22,24,37,7180008,14360016
22,24,38,30628224,61256448
22,24,39,57343000,114686000
22,24,40,87479040,174958080
22,24,41,121191048,242382096
22,25,26,-86403120,-172806240
22,25,27,-89658000,-179316000
22,25,28,-91302120,-182604240
22,25,29,-91170960,-182341920
22,25,30,-89100000,-178200000
22,25,31,-84924720,-169849440
22,25,32,-78480600,-156961200
22,25,33,-69603120,-139206240
22,25,34,-58127760,-116255520
22,25,35,-43890000,-87780000
22,25,36,-26725320,-53450640
22,25,37,-6469200,-12938400
22,25,38,17042880,34085760
22,25,39,43975440,87950880
22,25,40,74493000,148986000
22,25,41,108760080,217520160
22,26,27,-96302160,-192604320
22,26,28,-98851584,-197703168
22,26,29,-99568112,-199136224
22,26,30,-98277120,-196554240
22,26,31,-94803984,-189607968
22,26,32,-88974080,-177948160
22,26,33,-80612784,-161225568
22,26,34,-69545472,-139090944
22,26,35,-55597520,-111195040
22,26,36,-38594304,-77188608
22,26,37,-18361200,-36722400
22,26,38,5276416,10552832
22,26,39,32493168,64986336
22,26,40,63463680,126927360
22,26,41,98362576,196725152
22,27,28,-104837592,-209675184
22,27,29,-106358832,-212717664
22,27,30,-105802400,-211604800
22,27,31,-102983280,-205966560
22,27,32,-97716456,-195432912
22,27,33,-89816912,-179633824
22,27,34,-79099632,-158199264
22,27,35,-65379600,-130759200
22,27,36,-48471800,-96943600
22,27,37,-28191216,-56382432
22,27,38,-4352832,-8705664
22,27,39,23228368,46456736
22,27,40,54737400,109474800
22,27,41,90359280,180718560
22,28,29,-111336456,-222672912
22,28,30,-111457920,-222915840
22,28,31,-109233144,-218466288
22,28,32,-104466432,-208932864
22,28,33,-96962088,-193924176
22,28,34,-86524416,-173048832
22,28,35,-72957720,-145915440
22,28,36,-56066304,-112132608
22,28,37,-35654472,-71308944
22,28,38,-11526528,-23053056
22,28,39,16513224,33026448
22,28,40,48660480,97320960
22,28,41,85110936,170221872
22,29,30,-115025760,-230051520
22,29,31,-113324112,-226648224
22,29,32,-108982712,-217965424
22,29,33,-101794896,-203589792
22,29,34,-91554000,-183108000
22,29,35,-78053360,-156106720
22,29,36,-61086312,-122172624
22,29,37,-40446192,-80892384
22,29,38,-15926336,-31852672
22,29,39,12679920,25359840
22,29,40,45579240,91158480
22,29,41,82978288,165956576
22,30,31,-115026720,-230053440
22,30,32,-111024000,-222048000
22,30,33,-104061920,-208123840
22,30,34,-93922560,-187845120
22,30,35,-80388000,-160776000
22,30,36,-63240320,-126480640
22,30,37,-42261600,-84523200
22,30,38,-17233920,-34467840
22,30,39,12060640,24121280
22,30,40,45840000,91680000
22,30,41,84322080,168644160
22,31,32,-110349000,-220698000
22,31,33,-103509744,-207019488
22,31,34,-93364272,-186728544
22,31,35,-79683120,-159366240
22,31,36,-62236824,-124473648
22,31,37,-40795920,-81591840
22,31,38,-15130944,-30261888
22,31,39,14987568,29975136
22,31,40,49789080,99578160
22,31,41,89503056,179006112
22,32,33,-99884952,-199769904
22,32,34,-89613312,-179226624
22,32,35,-75660200,-151320400
22,32,36,-57784320,-115568640
22,32,37,-35744376,-71488752
22,32,38,-9299072,-18598144
22,32,39,21792888,43585776
22,32,40,57772800,115545600
22,32,41,98881960,197763920
22,33,34,-82403856,-164807712
22,33,35,-68040720,-136081440
22,33,36,-49591304,-99182608
22,33,37,-26802192,-53604384
22,33,38,580032,1160064
22,33,39,32808784,65617568
22,33,40,70137480,140274960
22,33,41,112819536,225639072
22,34,35,-56546160,-113092320
22,34,36,-37366272,-74732544
22,34,37,-13664592,-27329184
22,34,38,14824704,29649408
22,34,39,48367440,96734880
22,34,40,87229440,174458880
22,34,41,131676528,263353056
22,35,36,-20817720,-41635440
22,35,37,3973200,7946400
22,35,38,33753280,67506560
22,35,39,68801040,137602080
22,35,40,109395000,218790000
22,35,41,155813680,311627360
22,36,37,26415960,52831920
22,36,38,57684096,115368192
22,36,39,94441768,188883536
22,36,40,136980480,273960960
22,36,41,185591736,371183472
22,37,38,86935488,173870976
22,37,39,125621808,251243616
22,37,40,170332200,340664400
22,37,41,221371440,442742880
22,38,39,162673344,325346688
22,38,40,209796480,419592960
22,38,41,263513536,527027072
22,39,40,255719640,511439280
22,39,41,312378768,624757536
22,40,41,368327880,736655760
23,24,25,-87358140,-174716280
23,24,26,-92591856,-185183712
23,24,27,-96397776,-192795552
23,24,28,-98610876,-197221752
23,24,29,-99066132,-198132264
23,24,30,-97598520,-195197040
23,24,31,-94043016,-188086032
23,24,32,-88234596,-176469192
23,24,33,-80008236,-160016472
23,24,34,-69198912,-138397824
23,24,35,-55641600,-111283200
23,24,36,-39171276,-78342552
23,24,37,-19622916,-39245832
23,24,38,3168504,6337008
23,24,39,29368008,58736016
23,24,40,59140620,118281240
23,24,41,92651364,185302728
23,24,42,130065264,260130528
23,24,43,171547344,343094688
23,25,26,-101682080,-203364160
23,25,27,-106749900,-213499800
23,25,28,-110187756,-220375512
23,25,29,-111820250,-223640500
23,25,30,-111471984,-222943968
23,25,31,-108967560,-217935120
23,25,32,-104131580,-208263160
23,25,33,-96788646,-193577292
23,25,34,-86763360,-173526720
23,25,35,-73880324,-147760648
23,25,36,-57964140,-115928280
23,25,37,-38839410,-77678820
23,25,38,-16330736,-32661472
23,25,39,9737280,19474560
23,25,40,39540036,79080072
23,25,41,73252930,146505860
23,25,42,111051360,222102720
23,25,43,153110724,306221448
23,26,27,-115788744,-231577488
23,26,28,-120433040,-240866080
23,26,29,-123223216,-246446432
23,26,30,-123973200,-247946400
23,26,31,-122496920,-244993840
23,26,32,-118608304,-237216608
23,26,33,-112121280,-224242560
23,26,34,-102849776,-205699552
23,26,35,-90607720,-181215440
23,26,36,-75209040,-150418080
23,26,37,-56467664,-112935328
23,26,38,-34197520,-68395040
23,26,39,-8212536,-16425072
23,26,40,21673360,43346720
23,26,41,55646240,111292480
23,26,42,93892176,187784352
23,26,43,136597240,273194480
23,27,28,-129138408,-258276816
23,27,29,-133055136,-266110272
23,27,30,-134870400,-269740800
23,27,31,-134387154,-268774308
23,27,32,-131408352,-262816704
23,27,33,-125736948,-251473896
23,27,34,-117175896,-234351792
23,27,35,-105528150,-211056300
23,27,36,-90596664,-181193328
23,27,37,-72184392,-144368784
23,27,38,-50094288,-100188576
23,27,39,-24129306,-48258612
23,27,40,5907600,11815200
23,27,41,40213476,80426952
23,27,42,78985368,157970736
23,27,43,122420322,244840644
23,28,29,-141096116,-282192232
23,28,30,-143931816,-287863632
23,28,31,-144394320,-288788640
23,28,32,-142275308,-284550616
23,28,33,-137366460,-274732920
23,28,34,-129459456,-258918912
23,28,35,-118345976,-236691952
23,28,36,-103817700,-207635400
23,28,37,-85666308,-171332616
23,28,38,-63683480,-127366960
23,28,39,-37660896,-75321792
23,28,40,-7390236,-14780472
23,28,41,27336820,54673640
23,28,42,66728592,133457184
23,28,43,110993400,221986800
23,29,30,-150925680,-301851360
23,29,31,-152274476,-304548952
23,29,32,-150952756,-301905512
23,29,33,-146740626,-293481252
23,29,34,-139418192,-278836384
23,29,35,-128765560,-257531120
23,29,36,-114562836,-229125672
23,29,37,-96590126,-193180252
23,29,38,-74627536,-149255072
23,29,39,-48455172,-96910344
23,29,40,-17853140,-35706280
23,29,41,17398454,34796908
23,29,42,57519504,115039008
23,29,43,102729904,205459808
23,30,31,-157783680,-315567360
23,30,32,-157184280,-314368560
23,30,33,-153590256,-307180512
23,30,34,-146769840,-293539680
23,30,35,-136491264,-272982528
23,30,36,-122522760,-245045520
23,30,37,-104632560,-209265120
23,30,38,-82588896,-165177792
23,30,39,-56160000,-112320000
23,30,40,-25114104,-50228208
23,30,41,10780560,21561120
23,30,42,51755760,103511520
23,30,43,98043264,196086528
23,31,32,-160713464,-321426928
23,31,33,-157646160,-315292320
23,31,34,-151232136,-302464272
23,31,35,-141227450,-282454900
23,31,36,-127388160,-254776320
23,31,37,-109470324,-218940648
23,31,38,-87230000,-174460000
23,31,39,-60423246,-120846492
23,31,40,-28806120,-57612240
23,31,41,7865320,15730640
23,31,42,49835016,99670032
23,31,43,97346910,194693820
23,32,33,-158639148,-317278296
23,32,34,-152522816,-305045632
23,32,35,-142678480,-285356960
23,32,36,-128849724,-257699448
23,32,37,-110780132,-221560264
23,32,38,-88213288,-176426576
23,32,39,-60892776,-121785552
23,32,40,-28562180,-57124360
23,32,41,9034916,18069832
23,32,42,52154928,104309856
23,32,43,101054272,202108544
23,33,34,-150359616,-300719232
23,33,35,-140548716,-281097432
23,33,36,-126598140,-253196280
23,33,37,-108238698,-216477396
23,33,38,-85201200,-170402400
23,33,39,-57216456,-114432912
23,33,40,-24015276,-48030552
23,33,41,14671530,29343060
23,33,42,59113152,118226304
23,33,43,109578780,219157560
23,34,35,-134542520,-269085040
23,34,36,-120324096,-240648192
23,34,37,-101522736,-203045472
23,34,38,-77856176,-155712352
23,34,39,-49042152,-98084304
23,34,40,-14798400,-29596800
23,34,41,25157344,50314688
23,34,42,71107344,142214688
23,34,43,123333864,246667728
23,35,36,-109718280,-219436560
23,35,37,-90308960,-180617920
23,35,38,-65840656,-131681312
23,35,39,-36017730,-72035460
23,35,40,-544544,-1089088
23,35,41,40874540,81749080
23,35,42,88535160,177070320
23,35,43,142732954,285465908
23,36,37,-74274084,-148548168
23,36,38,-48817080,-97634160
23,36,39,-17791056,-35582112
23,36,40,19113300,38226600
23,36,41,62205300,124410600
23,36,42,111794256,223588512
23,36,43,168189480,336378960
23,37,38,-26447888,-52895776
23,37,39,5990004,11980008
23,37,40,44542140,89084280
23,37,41,89531806,179063612
23,37,42,141282288,282564576
23,37,43,200116872,400233744
23,38,39,35677584,71355168
23,38,40,76108984,152217968
23,38,41,123236240,246472480
23,38,42,177396912,354793824
23,38,43,238928560,477857120
23,39,40,114180840,228361680
23,39,41,163700784,327401568
23,39,42,220535784,441071568
23,39,43,285037974,570075948
23,40,41,211307620,422615240
23,40,42,271096560,542193120
23,40,43,338858544,677717088
23,41,42,329476896,658953792
23,41,43,400803700,801607400
23,42,43,471286872,942573744
24,25,26,-116118864,-232237728
24,25,27,-123031700,-246063400
24,25,28,-128296500,-256593000
24,25,29,-131726664,-263453328
24,25,30,-133135592,-266271184
24,25,31,-132336684,-264673368
24,25,32,-129143340,-258286680
24,25,33,-123368960,-246737920
24,25,34,-114826944,-229653888
24,25,35,-103330692,-206661384
24,25,36,-88693604,-177387208
24,25,37,-70729080,-141458160
24,25,38,-49250520,-98501040
24,25,39,-24071324,-48142648
24,25,40,4995108,9990216
24,25,41,38135376,76270752
24,25,42,75536080,151072160
24,25,43,117383820,234767640
24,25,44,163865196,327730392
24,25,45,215166808,430333616
24,26,27,-134525232,-269050464
24,26,28,-141313536,-282627072
24,26,29,-146228112,-292456224
24,26,30,-149071104,-298142208
24,26,31,-149644656,-299289312
24,26,32,-147750912,-295501824
24,26,33,-143192016,-286384032
24,26,34,-135770112,-271540224
24,26,35,-125287344,-250574688
24,26,36,-111545856,-223091712
24,26,37,-94347792,-188695584
24,26,38,-73495296,-146990592
24,26,39,-48790512,-97581024
24,26,40,-20035584,-40071168
24,26,41,12967344,25934688
24,26,42,50416128,100832256
24,26,43,92508624,185017248
24,26,44,139442688,278885376
24,26,45,191416176,382832352
24,27,28,-152818316,-305636632
24,27,29,-159199020,-318398040
24,27,30,-163456600,-326913200
24,27,31,-165381632,-330763264
24,27,32,-164764692,-329529384
24,27,33,-161396356,-322792712
24,27,34,-155067200,-310134400
24,27,35,-145567800,-291135600
24,27,36,-132688732,-265377464
24,27,37,-116220572,-232441144
24,27,38,-95953896,-191907792
24,27,39,-71679280,-143358560
24,27,40,-43187300,-86374600
24,27,41,-10268532,-20537064
24,27,42,27286448,54572896
24,27,43,69687064,139374128
24,27,44,117142740,234285480
24,27,45,169862900,339725800
24,28,29,-170405892,-340811784
24,28,30,-176046080,-352092160
24,28,31,-179288796,-358577592
24,28,32,-179912736,-359825472
24,28,33,-177696596,-355393192
24,28,34,-172419072,-344838144
24,28,35,-163858860,-327717720
24,28,36,-151794656,-303589312
24,28,37,-136005156,-272010312
24,28,38,-116269056,-232538112
24,28,39,-92365052,-184730104
24,28,40,-64071840,-128143680
24,28,41,-31168116,-62336232
24,28,42,6567424,13134848
24,28,43,49356084,98712168
24,28,44,97419168,194838336
24,28,45,150977980,301955960
24,29,30,-186593544,-373187088
24,29,31,-191107332,-382214664
24,29,32,-192923100,-385846200
24,29,33,-191807352,-383614704
24,29,34,-187526592,-375053184
24,29,35,-179847324,-359694648
24,29,36,-168536052,-337072104
24,29,37,-153359280,-306718560
24,29,38,-134083512,-268167024
24,29,39,-110475252,-220950504
24,29,40,-82301004,-164602008
24,29,41,-49327272,-98654544
24,29,42,-11320560,-22641120
24,29,43,31952628,63905256
24,29,44,80725788,161451576
24,29,45,135232416,270464832
24,30,31,-200578424,-401156848
24,30,32,-203523840,-407047680
24,30,33,-203443240,-406886480
24,30,34,-200090624,-400181248
24,30,35,-193219992,-386439984
24,30,36,-182585344,-365170688
24,30,37,-167940680,-335881360
24,30,38,-149040000,-298080000
24,30,39,-125637304,-251274608
24,30,40,-97486592,-194973184
24,30,41,-64341864,-128683728
24,30,42,-25957120,-51914240
24,30,43,17913640,35827280
24,30,44,67516416,135032832
24,30,45,123097208,246194416
24,31,32,-211443012,-422886024
24,31,33,-212318876,-424637752
24,31,34,-209812032,-419624064
24,31,35,-203663664,-407327328
24,31,36,-193614956,-387229912
24,31,37,-179407092,-358814184
24,31,38,-160781256,-321562512
24,31,39,-137478632,-274957264
24,31,40,-109240404,-218480808
24,31,41,-75807756,-151615512
24,31,42,-36921872,-73843744
24,31,43,7676064,15352128
24,31,44,58244868,116489736
24,31,45,115043356,230086712
24,32,33,-218148876,-436297752
24,32,34,-216391680,-432783360
24,32,35,-210865140,-421730280
24,32,36,-201297312,-402594624
24,32,37,-187416252,-374832504
24,32,38,-168950016,-337900032
24,32,39,-145626660,-291253320
24,32,40,-117174240,-234348480
24,32,41,-83320812,-166641624
24,32,42,-43794432,-87588864
24,32,43,1676844,3353688
24,32,44,53364960,106729920
24,32,45,111541860,223083720
24,33,34,-219530432,-439060864
24,33,35,-214511220,-429022440
24,33,36,-205304836,-410609672
24,33,37,-191625896,-383251792
24,33,38,-173189016,-346378032
24,33,39,-149708812,-299417624
24,33,40,-120899900,-241799800
24,33,41,-86476896,-172953792
24,33,42,-46154416,-92308832
24,33,43,352924,705848
24,33,44,53330508,106661016
24,33,45,113063720,226127440
24,34,35,-214288704,-428577408
24,34,36,-205309952,-410619904
24,34,37,-191693760,-383387520
24,34,38,-173140992,-346281984
24,34,39,-149352512,-298705024
24,34,40,-120029184,-240058368
24,34,41,-84871872,-169743744
24,34,42,-43581440,-87162880
24,34,43,4141248,8282496
24,34,44,58595328,117190656
24,34,45,120079936,240159872
24,35,36,-200985084,-401970168
24,35,37,-187277580,-374555160
24,35,38,-168448680,-336897360
24,35,39,-144185184,-288370368
24,35,40,-114173892,-228347784
24,35,41,-78101604,-156203208
24,35,42,-35655120,-71310240
24,35,43,13478760,26957520
24,35,44,69613236,139226472
24,35,45,133061508,266123016
24,36,37,-178035092,-356070184
24,36,38,-158754816,-317509632
24,36,39,-133834252,-267668504
24,36,40,-102945824,-205891648
24,36,41,-65761956,-131523912
24,36,42,-21955072,-43910144
24,36,43,28802404,57604808
24,36,44,86838048,173676096
24,36,45,152479436,304958872
24,37,38,-143702136,-287404272
24,37,39,-117927140,-235854280
24,37,40,-85956780,-171913560
24,37,41,-47448792,-94897584
24,37,42,-2060912,-4121824
24,37,43,50549124,101098248
24,37,44,110723580,221447160
24,37,45,178804720,357609440
24,38,39,-96091272,-192182544
24,38,40,-62818560,-125637120
24,38,41,-22757976,-45515952
24,38,42,24447744,48895488
24,38,43,79155864,158311728
24,38,44,141723648,283447296
24,38,45,212508360,425016720
24,39,40,-33142964,-66285928
24,39,41,8714628,17429256
24,39,42,57991280,115982560
24,39,43,115059568,230119136
24,39,44,180292068,360584136
24,39,45,254061356,508122712
24,40,41,47373156,94746312
24,40,42,98990080,197980160
24,40,43,158697180,317394360
24,40,44,226882656,453765312
24,40,45,303934708,607869416
24,41,42,147864528,295729056
24,41,43,210505644,421011288
24,41,44,281949228,563898456
24,41,45,362599416,725198832
24,42,43,270921904,541843808
24,42,44,345945600,691891200
24,42,45,430526480,861052960
24,43,44,419325588,838651176
24,43,45,508186900,1016373800
24,44,45,596051676,1192103352
25,26,27,-152276400,-304552800
25,26,28,-161244720,-322489440
25,26,29,-168320984,-336641968
25,26,30,-173295216,-346590432
25,26,31,-175957440,-351914880
25,26,32,-176097680,-352195360
25,26,33,-173505960,-347011920
25,26,34,-167972304,-335944608
25,26,35,-159286736,-318573472
25,26,36,-147239280,-294478560
25,26,37,-131619960,-263239920
25,26,38,-112218800,-224437600
25,26,39,-88825824,-177651648
25,26,40,-61231056,-122462112
25,26,41,-29224520,-58449040
25,26,42,7403760,14807520
25,26,43,48863760,97727520
25,26,44,95365456,190730912
25,26,45,147118824,294237648
25,26,46,204333840,408667680
25,26,47,267220480,534440960
25,26,48,335988720,671977440
25,27,28,-175614900,-351229800
25,27,29,-184513950,-369027900
25,27,30,-191270000,-382540000
25,27,31,-195660900,-391321800
25,27,32,-197464500,-394929000
25,27,33,-196458650,-392917300
25,27,34,-192421200,-384842400
25,27,35,-185130000,-370260000
25,27,36,-174362900,-348725800
25,27,37,-159897750,-319795500
25,27,38,-141512400,-283024800
25,27,39,-118984700,-237969400
25,27,40,-92092500,-184185000
25,27,41,-60613650,-121227300
25,27,42,-24326000,-48652000
25,27,43,16992600,33985200
25,27,44,63564300,127128600
25,27,45,115611250,231222500
25,27,46,173355600,346711200
25,27,47,237019500,474039000
25,27,48,306825100,613650200
25,28,29,-198974160,-397948320
25,28,30,-207493944,-414987888
25,28,31,-213594300,-427188600
25,28,32,-217040580,-434081160
25,28,33,-217598136,-435196272
25,28,34,-215032320,-430064640
25,28,35,-209108484,-418216968
25,28,36,-199591980,-399183960
25,28,37,-186248160,-372496320
25,28,38,-168842376,-337684752
25,28,39,-147139980,-294279960
25,28,40,-120906324,-241812648
25,28,41,-89906760,-179813520
25,28,42,-53906640,-107813280
25,28,43,-12671316,-25342632
25,28,44,34033860,68067720
25,28,45,86443536,172887072
25,28,46,144792360,289584720
25,28,47,209314980,418629960
25,28,48,280246044,560492088
25,29,30,-221706432,-443412864
25,29,31,-229483554,-458967108
25,29,32,-234538040,-469076080
25,29,33,-236622420,-473244840
25,29,34,-235489224,-470978448
25,29,35,-230890982,-461781964
25,29,36,-222580224,-445160448
25,29,37,-210309480,-420618960
25,29,38,-193831280,-387662560
25,29,39,-172898154,-345796308
25,29,40,-147262632,-294525264
25,29,41,-116677244,-233354488
25,29,42,-80894520,-161789040
25,29,43,-39666990,-79333980
25,29,44,7252816,14505632
25,29,45,60112368,120224736
25,29,46,119159136,238318272
25,29,47,184640590,369281180
25,29,48,256804200,513608400
25,30,31,-243054576,-486109152
25,30,32,-249669000,-499338000
25,30,33,-253229504,-506459008
25,30,34,-253475472,-506950944
25,30,35,-250146288,-500292576
25,30,36,-242981336,-485962672
25,30,37,-231720000,-463440000
25,30,38,-216101664,-432203328
25,30,39,-195865712,-391731424
25,30,40,-170751528,-341503056
25,30,41,-140498496,-280996992
25,30,42,-104846000,-209692000
25,30,43,-63533424,-127066848
25,30,44,-16300152,-32600304
25,30,45,37114432,74228864
25,30,46,96970944,193941888
25,30,47,163530000,327060000
25,30,48,237052216,474104432
25,31,32,-262145580,-524291160
25,31,33,-267117390,-534234780
25,31,34,-268674624,-537349248
25,31,35,-266543196,-533086392
25,31,36,-260449020,-520898040
25,31,37,-250118010,-500236020
25,31,38,-235276080,-470552160
25,31,39,-215649144,-431298288
25,31,40,-190963116,-381926232
25,31,41,-160943910,-321887820
25,31,42,-125317440,-250634880
25,31,43,-83809620,-167619240
25,31,44,-36146364,-72292728
25,31,45,17946414,35892828
25,31,46,78742800,157485600
25,31,47,146516880,293033760
25,31,48,221542740,443085480
25,32,33,-277984080,-555968160
25,32,34,-280770240,-561540480
25,32,35,-279750500,-559501000
25,32,36,-274636980,-549273960
25,32,37,-265141800,-530283600
25,32,38,-250977080,-501954160
25,32,39,-231854940,-463709880
25,32,40,-207487500,-414975000
25,32,41,-177586880,-355173760
25,32,42,-141865200,-283730400
25,32,43,-100034580,-200069160
25,32,44,-51807140,-103614280
25,32,45,3105000,6210000
25,32,46,64989720,129979440
25,32,47,134134900,268269800
25,32,48,210828420,421656840
25,33,34,-289445880,-578891760
25,33,35,-289436994,-578873988
25,33,36,-285198920,-570397840
25,33,37,-276429660,-552859320
25,33,38,-262827216,-525654432
25,33,39,-244089590,-488179180
25,33,40,-219914784,-439829568
25,33,41,-190000800,-380001600
25,33,42,-154045640,-308091280
25,33,43,-111747306,-223494612
25,33,44,-62803800,-125607600
25,33,45,-6913124,-13826248
25,33,46,56226720,112453440
25,33,47,126917730,253835460
25,33,48,205461904,410923808
25,34,35,-295271472,-590542944
25,34,36,-291788544,-583577088
25,34,37,-283619880,-567239760
25,34,38,-270449040,-540898080
25,34,39,-251959584,-503919168
25,34,40,-227835072,-455670144
25,34,41,-197759064,-395518128
25,34,42,-161415120,-322830240
25,34,43,-118486800,-236973600
25,34,44,-68657664,-137315328
25,34,45,-11611272,-23222544
25,34,46,52968816,105937632
25,34,47,125399040,250798080
25,34,48,205995840,411991680
25,35,36,-294059556,-588119112
25,35,37,-286350750,-572701500
25,35,38,-273465104,-546930208
25,35,39,-255071412,-510142824
25,35,40,-230838468,-461676936
25,35,41,-200435066,-400870132
25,35,42,-163530000,-327060000
25,35,43,-119792064,-239584128
25,35,44,-68890052,-137780104
25,35,45,-10492758,-20985516
25,35,46,55731024,111462048
25,35,47,130112500,260225000
25,35,48,212982876,425965752
25,36,37,-284260560,-568521120
25,36,38,-271497960,-542995920
25,36,39,-253031564,-506063128
25,36,40,-228515076,-457030152
25,36,41,-197602200,-395204400
25,36,42,-159946640,-319893280
25,36,43,-115202100,-230404200
25,36,44,-63022284,-126044568
25,36,45,-3060896,-6121792
25,36,46,65028360,130056720
25,36,47,141591780,283183560
25,36,48,226975660,453951320
25,37,38,-264170160,-528340320
25,37,39,-245446530,-490893060
25,37,40,-220455000,-440910000
25,37,41,-188833860,-377667720
25,37,42,-150221400,-300442800
25,37,43,-104255910,-208511820
25,37,44,-50575680,-101151360
25,37,45,11181000,22362000
25,37,46,81375840,162751680
25,37,47,160370550,320741100
25,37,48,248526840,497053680
25,38,39,-231922800,-463845600
25,38,40,-206248344,-412496688
25,38,41,-173703440,-347406880
25,38,42,-133910640,-267821280
25,38,43,-86492496,-172984992
25,38,44,-31071560,-62143120
25,38,45,32729616,65459232
25,38,46,105288480,210576960
25,38,47,186982480,373964960
25,38,48,278189064,556378128
25,39,40,-185485212,-370970424
25,39,41,-151784334,-303568668
25,39,42,-110570720,-221141440
25,39,43,-61450860,-122901720
25,39,44,-4031244,-8062488
25,39,45,62081638,124163276
25,39,46,137281296,274562592
25,39,47,221961240,443922480
25,39,48,316514980,633029960
25,40,41,-122649936,-245299872
25,40,42,-79758000,-159516000
25,40,43,-28670004,-57340008
25,40,44,31023948,62047896
25,40,45,99733752,199467504
25,40,46,177869304,355738608
25,40,47,265840500,531681000
25,40,48,364057236,728114472
25,41,42,-41028840,-82057680
25,41,43,12311070,24622140
25,41,44,74572696,149145392
25,41,45,146182644,292365288
25,41,46,227567520,455135040
25,41,47,319153930,638307860
25,41,48,421368480,842736960
25,42,43,61953360,123906720
25,42,44,127093680,254187360
25,42,45,201925000,403850000
25,42,46,286890960,573781920
25,42,47,382435200,764870400
25,42,48,489001360,978002720
25,43,44,189065580,378131160
25,43,45,267457506,534915012
25,43,46,356354640,712709280
25,43,47,456217980,912435960
25,43,48,567508524,1135017048
25,44,45,343276848,686553696
25,44,46,436473576,872947152
25,44,47,541035940,1082071880
25,44,48,657442620,1314885240
25,45,46,527762784,1055525568
25,45,47,637422750,1274845500
25,45,48,759356296,1518712592
25,46,47,745912080,1491824160
25,46,48,873802200,1747604400
25,47,48,1001332980,2002665960
26,27,28,-197265744,-394531488
26,27,29,-208723392,-417446784
26,27,30,-218019600,-436039200
26,27,31,-224919144,-449838288
26,27,32,-229186800,-458373600
26,27,33,-230587344,-461174688
26,27,34,-228885552,-457771104
26,27,35,-223846200,-447692400
26,27,36,-215234064,-430468128
26,27,37,-202813920,-405627840
26,27,38,-186350544,-372701088
26,27,39,-165608712,-331217424
26,27,40,-140353200,-280706400
26,27,41,-110348784,-220697568
26,27,42,-75360240,-150720480
26,27,43,-35152344,-70304688
26,27,44,10510128,21020256
26,27,45,61862400,123724800
26,27,46,119139696,238279392
26,27,47,182577240,365154480
26,27,48,252410256,504820512
26,27,49,328873968,657747936
26,27,50,412203600,824407200
26,28,29,-226509296,-453018592
26,28,30,-237968640,-475937280
26,28,31,-246988560,-493977120
26,28,32,-253320704,-506641408
26,28,33,-256716720,-513433440
26,28,34,-256928256,-513856512
26,28,35,-253706960,-507413920
26,28,36,-246804480,-493608960
26,28,37,-235972464,-471944928
26,28,38,-220962560,-441925120
26,28,39,-201526416,-403052832
26,28,40,-177415680,-354831360
26,28,41,-148382000,-296764000
26,28,42,-114177024,-228354048
26,28,43,-74552400,-149104800
26,28,44,-29259776,-58519552
26,28,45,21949200,43898400
26,28,46,79322880,158645760
26,28,47,143109616,286219232
26,28,48,213557760,427115520
26,28,49,290915664,581831328
26,28,50,375431680,750863360
26,29,30,-255941424,-511882848
26,29,31,-267064016,-534128032
26,29,32,-275441872,-550883744
26,29,33,-280813176,-561626352
26,29,34,-282916112,-565832224
26,29,35,-281488864,-562977728
26,29,36,-276269616,-552539232
26,29,37,-266996552,-533993104
26,29,38,-253407856,-506815712
26,29,39,-235241712,-470483424
26,29,40,-212236304,-424472608
26,29,41,-184129816,-368259632
26,29,42,-150660432,-301320864
26,29,43,-111566336,-223132672
26,29,44,-66585712,-133171424
26,29,45,-15456744,-30913488
26,29,46,42082384,84164768
26,29,47,106293488,212586976
26,29,48,177438384,354876768
26,29,49,255778888,511557776
26,29,50,341576816,683153632
26,30,31,-284855760,-569711520
26,30,32,-295246080,-590492160
26,30,33,-302557680,-605115360
26,30,34,-306514944,-613029888
26,30,35,-306842256,-613684512
26,30,36,-303264000,-606528000
26,30,37,-295504560,-591009120
26,30,38,-283288320,-566576640
26,30,39,-266339664,-532679328
26,30,40,-244382976,-488765952
26,30,41,-217142640,-434285280
26,30,42,-184343040,-368686080
26,30,43,-145708560,-291417120
26,30,44,-100963584,-201927168
26,30,45,-49832496,-99664992
26,30,46,7960320,15920640
26,30,47,72690480,145380960
26,30,48,144633600,289267200
26,30,49,224065296,448130592
26,30,50,311261184,622522368
26,31,32,-312429104,-624858208
26,31,33,-321631200,-643262400
26,31,34,-327390576,-654781152
26,31,35,-329417480,-658834960
26,31,36,-327422160,-654844320
26,31,37,-321114864,-642229728
26,31,38,-310205840,-620411680
26,31,39,-294405336,-588810672
26,31,40,-273423600,-546847200
26,31,41,-246970880,-493941760
26,31,42,-214757424,-429514848
26,31,43,-176493480,-352986960
26,31,44,-131889296,-263778592
26,31,45,-80655120,-161310240
26,31,46,-22501200,-45002400
26,31,47,42862216,85724432
26,31,48,115724880,231449760
26,31,49,196376544,392753088
26,31,50,285106960,570213920
26,32,33,-337714704,-675429408
26,32,34,-345208832,-690417664
26,32,35,-348864880,-697729760
26,32,36,-348378624,-696757248
26,32,37,-343445840,-686891680
26,32,38,-333762304,-667524608
26,32,39,-319023792,-638047584
26,32,40,-298926080,-597852160
26,32,41,-273164944,-546329888
26,32,42,-241436160,-482872320
26,32,43,-203435504,-406871008
26,32,44,-158858752,-317717504
26,32,45,-107401680,-214803360
26,32,46,-48760064,-97520128
26,32,47,17370320,34740640
26,32,48,91293696,182587392
26,32,49,173314288,346628576
26,32,50,263736320,527472640
26,33,34,-359635536,-719271072
26,33,35,-364834800,-729669600
26,33,36,-365767920,-731535840
26,33,37,-362115864,-724231728
26,33,38,-353559600,-707119200
26,33,39,-339780096,-679560192
26,33,40,-320458320,-640916640
26,33,41,-295275240,-590550480
26,33,42,-263911824,-527823648
26,33,43,-226049040,-452098080
26,33,44,-181367856,-362735712
26,33,45,-129549240,-259098480
26,33,46,-70274160,-140548320
26,33,47,-3223584,-6447168
26,33,48,71921520,143843040
26,33,49,155480184,310960368
26,33,50,247771440,495542880
26,34,35,-376977584,-753955168
26,34,36,-379224576,-758449152
26,34,37,-376743312,-753486624
26,34,38,-369199616,-738399232
26,34,39,-356259312,-712518624
26,34,40,-337588224,-675176448
26,34,41,-312852176,-625704352
26,34,42,-281716992,-563433984
26,34,43,-243848496,-487696992
26,34,44,-198912512,-397825024
26,34,45,-146574864,-293149728
26,34,46,-86501376,-173002752
26,34,47,-18357872,-36715744
26,34,48,58189824,116379648
26,34,49,143475888,286951776
26,34,50,237834496,475668992
26,35,36,-388383120,-776766240
26,35,37,-386946560,-773893120
26,35,38,-380284240,-760568480
26,35,39,-368046504,-736093008
26,35,40,-349883696,-699767392
26,35,41,-325446160,-650892320
26,35,42,-294384240,-588768480
26,35,43,-256348280,-512696560
26,35,44,-210988624,-421977248
26,35,45,-157955616,-315911232
26,35,46,-96899600,-193799200
26,35,47,-27470920,-54941840
26,35,48,50680080,101360160
26,35,49,137903056,275806112
26,35,50,234547664,469095328
26,36,37,-392343984,-784687968
26,36,38,-386415360,-772830720
26,36,39,-374726736,-749453472
26,36,40,-356912640,-713825280
26,36,41,-332607600,-665215200
26,36,42,-301446144,-602892288
26,36,43,-263062800,-526125600
26,36,44,-217092096,-434184192
26,36,45,-163168560,-326337120
26,36,46,-100926720,-201853440
26,36,47,-30001104,-60002208
26,36,48,49973760,99947520
26,36,49,139363344,278726688
26,36,50,238533120,477066240
26,37,38,-387194864,-774389728
26,37,39,-375885072,-751770144
26,37,40,-358242960,-716485920
26,37,41,-333886904,-667773808
26,37,42,-302435280,-604870560
26,37,43,-263506464,-527012928
26,37,44,-216718832,-433437664
26,37,45,-161690760,-323381520
26,37,46,-98040624,-196081248
26,37,47,-25386800,-50773600
26,37,48,56652336,113304672
26,37,49,148458408,296916816
26,37,50,250413040,500826080
26,38,39,-371106576,-742213152
26,38,40,-353442560,-706885120
26,38,41,-328834480,-657668960
26,38,42,-296884224,-593768448
26,38,43,-257193680,-514387360
26,38,44,-209364736,-418729472
26,38,45,-152999280,-305998560
26,38,46,-87699200,-175398400
26,38,47,-13066384,-26132768
26,38,48,71297280,142594560
26,38,49,165789904,331579808
26,38,50,270809600,541619200
26,39,40,-342079344,-684158688
26,39,41,-317000736,-634001472
26,39,42,-284325552,-568651104
26,39,43,-243638856,-487277712
26,39,44,-194525712,-389051424
26,39,45,-136571184,-273142368
26,39,46,-69360336,-138720672
26,39,47,7521768,15043536
26,39,48,94490064,188980128
26,39,49,191959488,383918976
26,39,50,300344976,600689952
26,40,41,-297936080,-595872160
26,40,42,-264291840,-528583680
26,40,43,-222356400,-444712800
26,40,44,-171697664,-343395328
26,40,45,-111883536,-223767072
26,40,46,-42481920,-84963840
26,40,47,36939280,73878560
26,40,48,126812160,253624320
26,40,49,227568816,455137632
26,40,50,339641344,679282688
26,41,42,-236315664,-472631328
26,41,43,-192860720,-385721440
26,41,44,-140376496,-280752992
26,41,45,-78413400,-156826800
26,41,46,-6521840,-13043680
26,41,47,75747776,151495552
26,41,48,168845040,337690080
26,41,49,273219544,546439088
26,41,50,389320880,778641760
26,42,43,-154666224,-309332448
26,42,44,-100058112,-200116224
26,42,45,-35637840,-71275680
26,42,46,39062016,78124032
26,42,47,124508880,249017760
26,42,48,221170176,442340352
26,42,49,329513328,659026656
26,42,50,450005760,900011520
26,43,44,-50238416,-100476832
26,43,45,16966080,33932160
26,43,46,94811760,189623520
26,43,47,183784216,367568432
26,43,48,284369040,568738080
26,43,49,397051824,794103648
26,43,50,522318160,1044636320
26,44,45,79921296,159842592
26,44,46,161269504,322539008
26,44,47,254135408,508270816
26,44,48,359023104,718046208
26,44,49,476436688,952873376
26,44,50,606880256,1213760512
26,45,46,238977360,477954720
26,45,47,336124080,672248160
26,45,48,445713840,891427680
26,45,49,568269576,1136539152
26,45,50,704314224,1408628448
26,46,47,430311856,860623712
26,46,48,545022720,1090045440
26,46,49,673152144,1346304288
26,46,50,815242240,1630484480
26,47,48,657531216,1315062432
26,47,49,791686048,1583372096
26,47,50,940286480,1880572960
26,48,49,924472944,1848945888
26,48,50,1080069120,2160138240
26,49,50,1235212336,2470424672
27,28,29,-252719676,-505439352
27,28,30,-267163400,-534326800
27,28,31,-279149304,-558298608
27,28,32,-288414972,-576829944
27,28,33,-294697988,-589395976
27,28,34,-297735936,-595471872
27,28,35,-297266400,-594532800
27,28,36,-293026964,-586053928
27,28,37,-284755212,-569510424
27,28,38,-272188728,-544377456
27,28,39,-255065096,-510130192
27,28,40,-233121900,-466243800
27,28,41,-206096724,-412193448
27,28,42,-173727152,-347454304
27,28,43,-135750768,-271501536
27,28,44,-91905156,-183810312
27,28,45,-41927900,-83855800
27,28,46,14443416,28886832
27,28,47,77471208,154942416
27,28,48,147417892,294835784
27,28,49,224545884,449091768
27,28,50,309117600,618235200
27,28,51,401395456,802790912
27,28,52,501641868,1003283736
27,29,30,-288975600,-577951200
27,29,31,-303509592,-607019184
27,29,32,-315278892,-630557784
27,29,33,-324006966,-648013932
27,29,34,-329417280,-658834560
27,29,35,-331233300,-662466600
27,29,36,-329178492,-658356984
27,29,37,-322976322,-645952644
27,29,38,-312350256,-624700512
27,29,39,-297023760,-594047520
27,29,40,-276720300,-553440600
27,29,41,-251163342,-502326684
27,29,42,-220076352,-440152704
27,29,43,-183182796,-366365592
27,29,44,-140206140,-280412280
27,29,45,-90869850,-181739700
27,29,46,-34897392,-69794784
27,29,47,27987768,55975536
27,29,48,98062164,196124328
27,29,49,175602330,351204660
27,29,50,260884800,521769600
27,29,51,354186108,708372216
27,29,52,455782788,911565576
27,30,31,-325625600,-651251200
27,30,32,-339881400,-679762800
27,30,33,-351036400,-702072800
27,30,34,-358799600,-717599200
27,30,35,-362880000,-725760000
27,30,36,-362986600,-725973200
27,30,37,-358828400,-717656800
27,30,38,-350114400,-700228800
27,30,39,-336553600,-673107200
27,30,40,-317855000,-635710000
27,30,41,-293727600,-587455200
27,30,42,-263880400,-527760800
27,30,43,-228022400,-456044800
27,30,44,-185862600,-371725200
27,30,45,-137110000,-274220000
27,30,46,-81473600,-162947200
27,30,47,-18662400,-37324800
27,30,48,51614600,103229200
27,30,49,129648400,259296800
27,30,50,215730000,431460000
27,30,51,310150400,620300800
27,30,52,413200600,826401200
27,31,32,-361901520,-723803040
27,31,33,-375449804,-750899608
27,31,34,-385530552,-771061104
27,31,35,-391837950,-783675900
27,31,36,-394066184,-788132368
27,31,37,-391909440,-783818880
27,31,38,-385061904,-770123808
27,31,39,-373217762,-746435524
27,31,40,-356071200,-712142400
27,31,41,-333316404,-666632808
27,31,42,-304647560,-609295120
27,31,43,-269758854,-539517708
27,31,44,-228344472,-456688944
27,31,45,-180098600,-360197200
27,31,46,-124715424,-249430848
27,31,47,-61889130,-123778260
27,31,48,8686096,17372192
27,31,49,87316068,174632136
27,31,50,174306600,348613200
27,31,51,269963506,539927012
27,31,52,374592600,749185200
27,32,33,-396910692,-793821384
27,32,34,-409257792,-818515584
27,32,35,-417738600,-835477200
27,32,36,-422032140,-844064280
27,32,37,-421817436,-843634872
27,32,38,-416773512,-833547024
27,32,39,-406579392,-813158784
27,32,40,-390914100,-781828200
27,32,41,-369456660,-738913320
27,32,42,-341886096,-683772192
27,32,43,-307881432,-615762864
27,32,44,-267121692,-534243384
27,32,45,-219285900,-438571800
27,32,46,-164053080,-328106160
27,32,47,-101102256,-202204512
27,32,48,-30112452,-60224904
27,32,49,49237308,98474616
27,32,50,137268000,274536000
27,32,51,234300600,468601200
27,32,52,340656084,681312168
27,33,34,-429628976,-859257952
27,33,35,-440213400,-880426800
27,33,36,-446499364,-892998728
27,33,37,-448150382,-896300764
27,33,38,-444829968,-889659936
27,33,39,-436201636,-872403272
27,33,40,-421928900,-843857800
27,33,41,-401675274,-803350548
27,33,42,-375104272,-750208544
27,33,43,-341879408,-683758816
27,33,44,-301664196,-603328392
27,33,45,-254122150,-508244300
27,33,46,-198916784,-397833568
27,33,47,-135711612,-271423224
27,33,48,-64170148,-128340296
27,33,49,16044094,32088188
27,33,50,105267600,210535200
27,33,51,203836856,407673712
27,33,52,312088348,624176696
27,34,35,-458893800,-917787600
27,34,36,-467082752,-934165504
27,34,37,-470506272,-941012544
27,34,38,-468812016,-937624032
27,34,39,-461647640,-923295280
27,34,40,-448660800,-897321600
27,34,41,-429499152,-858998304
27,34,42,-403810352,-807620704
27,34,43,-371242056,-742484112
27,34,44,-331441920,-662883840
27,34,45,-284057600,-568115200
27,34,46,-228736752,-457473504
27,34,47,-165127032,-330254064
27,34,48,-92876096,-185752192
27,34,49,-11631600,-23263200
27,34,50,78958800,157917600
27,34,51,179247448,358494896
27,34,52,289586688,579173376
27,35,36,-483397200,-966794400
27,35,37,-488483100,-976966200
27,35,38,-488300400,-976600800
27,35,39,-482480550,-964961100
27,35,40,-470655000,-941310000
27,35,41,-452455200,-904910400
27,35,42,-427512600,-855025200
27,35,43,-395458650,-790917300
27,35,44,-355924800,-711849600
27,35,45,-308542500,-617085000
27,35,46,-252943200,-505886400
27,35,47,-188758350,-377516700
27,35,48,-115619400,-231238800
27,35,49,-33157800,-66315600
27,35,50,58995000,117990000
27,35,51,161207550,322415100
27,35,52,273848400,547696800
27,36,37,-501678860,-1003357720
27,36,38,-502875864,-1005751728
27,36,39,-498263512,-996527024
27,36,40,-487456700,-974913400
27,36,41,-470070324,-940140648
27,36,42,-445719280,-891438560
27,36,43,-414018464,-828036928
27,36,44,-374582772,-749165544
27,36,45,-327027100,-654054200
27,36,46,-270966344,-541932688
27,36,47,-206015400,-412030800
27,36,48,-131789164,-263578328
27,36,49,-47902532,-95805064
27,36,50,46029600,92059200
27,36,51,150392336,300784672
27,36,52,265570780,531141560
27,37,38,-512119152,-1024238304
27,37,39,-508559672,-1017119344
27,37,40,-498611100,-997222200
27,37,41,-481871430,-963742860
27,37,42,-457938656,-915877312
27,37,43,-426410772,-852821544
27,37,44,-386885772,-773771544
27,37,45,-338961650,-677923300
27,37,46,-282236400,-564472800
27,37,47,-216308016,-432616032
27,37,48,-140774492,-281548984
27,37,49,-55233822,-110467644
27,37,50,40716000,81432000
27,37,51,147476980,294953960
27,37,52,265451124,530902248
27,38,39,-512932176,-1025864352
27,38,40,-503663400,-1007326800
27,38,41,-487385424,-974770848
27,38,42,-463678992,-927357984
27,38,43,-432124848,-864249696
27,38,44,-392303736,-784607472
27,38,45,-343796400,-687592800
27,38,46,-286183584,-572367168
27,38,47,-219046032,-438092064
27,38,48,-141964488,-283928976
27,38,49,-54519696,-109039392
27,38,50,43707600,87415200
27,38,51,153136656,306273312
27,38,52,274186728,548373456
27,39,40,-502158800,-1004317600
27,39,41,-486139212,-972278424
27,39,42,-462448552,-924897104
27,39,43,-430649966,-861299932
27,39,44,-390306600,-780613200
27,39,45,-340981600,-681963200
27,39,46,-282238112,-564476224
27,39,47,-213639282,-427278564
27,39,48,-134748256,-269496512
27,39,49,-45128180,-90256360
27,39,50,55657800,111315600
27,39,51,168046538,336093076
27,39,52,292474888,584949776
27,40,41,-477659700,-955319400
27,40,42,-453755600,-907511200
27,40,43,-421475400,-842950800
27,40,44,-380364300,-760728600
27,40,45,-329967500,-659935000
27,40,46,-269830200,-539660400
27,40,47,-199497600,-398995200
27,40,48,-118514900,-237029800
27,40,49,-26427300,-52854600
27,40,50,77220000,154440000
27,40,51,192881800,385763600
27,40,52,321012900,642025800
27,41,42,-437108400,-874216800
27,41,43,-404090424,-808180848
27,41,44,-361946772,-723893544
27,41,45,-310204350,-620408700
27,41,46,-248390064,-496780128
27,41,47,-176030820,-352061640
27,41,48,-92653524,-185307048
27,41,49,2214918,4429836
27,41,50,109047600,218095200
27,41,51,228317616,456635232
27,41,52,360498060,720996120
27,42,43,-377984312,-755968624
27,42,44,-334523952,-669047904
27,42,45,-281142400,-562284800
27,42,46,-217347920,-434695840
27,42,47,-142648776,-285297552
27,42,48,-56553232,-113106464
27,42,49,41430448,82860896
27,42,50,151794000,303588000
27,42,51,275029160,550058320
27,42,52,411627664,823255328
27,43,44,-297565776,-595131552
27,43,45,-242231900,-484463800
27,43,46,-176133984,-352267968
27,43,47,-98761302,-197522604
27,43,48,-9603128,-19206256
27,43,49,91851264,183702528
27,43,50,206112600,412225200
27,43,51,333691606,667383212
27,43,52,475099008,950198016
27,44,45,-192923100,-385846200
27,44,46,-124178472,-248356944
27,44,47,-43778232,-87556464
27,44,48,48807684,97615368
27,44,49,154109340,308218680
27,44,50,272656800,545313600
27,44,51,404980128,809960256
27,44,52,551609388,1103218776
27,45,46,-60911600,-121823200
27,45,47,22890600,45781200
27,45,48,119290100,238580200
27,45,49,228836650,457673300
27,45,50,352080000,704160000
27,45,51,489569900,979139800
27,45,52,641856100,1283712200
27,46,47,101835360,203670720
27,46,48,202455016,404910032
27,46,49,316665168,633330336
27,46,50,445035600,890071200
27,46,51,588136096,1176272192
27,46,52,746536440,1493072880
27,47,48,298913328,597826656
27,47,49,418226868,836453736
27,47,50,552177000,1104354000
27,47,51,701353890,1402707780
27,47,52,866347704,1732695408
27,48,49,534153724,1068307448
27,48,50,674157600,1348315200
27,48,51,829898456,1659796912
27,48,52,1001987188,2003974376
27,49,50,811630800,1623261600
27,49,51,974444968,1948889936
27,49,52,1154152188,2308304376
27,50,51,1135668600,2271337200
27,50,52,1323540000,2647080000
27,51,52,1510847920,3021695840
28,29,30,-320486040,-640972080
28,29,31,-338481156,-676962312
28,29,32,-353693396,-707386792
28,29,33,-365831136,-731662272
28,29,34,-374602752,-749205504
28,29,35,-379716620,-759433240
28,29,36,-380881116,-761762232
28,29,37,-377804616,-755609232
28,29,38,-370195496,-740390992
28,29,39,-357762132,-715524264
28,29,40,-340212900,-680425800
28,29,41,-317256176,-634512352
28,29,42,-288600336,-577200672
28,29,43,-253953756,-507907512
28,29,44,-213024812,-426049624
28,29,45,-165521880,-331043760
28,29,46,-111153336,-222306672
28,29,47,-49627556,-99255112
28,29,48,19347084,38694168
28,29,49,96062208,192124416
28,29,50,180809440,361618880
28,29,51,273880404,547760808
28,29,52,375566724,751133448
28,29,53,486160024,972320048
28,29,54,605951928,1211903856
28,30,31,-365007720,-730015440
28,30,32,-383201280,-766402560
28,30,33,-398274296,-796548592
28,30,34,-409920000,-819840000
28,30,35,-417831624,-835663248
28,30,36,-421702400,-843404800
28,30,37,-421225560,-842451120
28,30,38,-416094336,-832188672
28,30,39,-406001960,-812003920
28,30,40,-390641664,-781283328
28,30,41,-369706680,-739413360
28,30,42,-342890240,-685780480
28,30,43,-309885576,-619771152
28,30,44,-270385920,-540771840
28,30,45,-224084504,-448169008
28,30,46,-170674560,-341349120
28,30,47,-109849320,-219698640
28,30,48,-41302016,-82604032
28,30,49,35274120,70548240
28,30,50,120185856,240371712
28,30,51,213739960,427479920
28,30,52,316243200,632486400
28,30,53,428002344,856004688
28,30,54,549324160,1098648320
28,31,32,-410170764,-820341528
28,31,33,-428162700,-856325400
28,31,34,-442665216,-885330432
28,31,35,-453356040,-906712080
28,31,36,-459912900,-919825800
28,31,37,-462013524,-924027048
28,31,38,-459335640,-918671280
28,31,39,-451556976,-903113952
28,31,40,-438355260,-876710520
28,31,41,-419408220,-838816440
28,31,42,-394393584,-788787168
28,31,43,-362989080,-725978160
28,31,44,-324872436,-649744872
28,31,45,-279721380,-559442760
28,31,46,-227213640,-454427280
28,31,47,-167026944,-334053888
28,31,48,-98839020,-197678040
28,31,49,-22327596,-44655192
28,31,50,62829600,125659200
28,31,51,156954840,313909680
28,31,52,260370396,520740792
28,31,53,373398540,746797080
28,31,54,496361544,992723088
28,32,33,-455141988,-910283976
28,32,34,-472467456,-944934912
28,32,35,-485901980,-971803960
28,32,36,-495107424,-990214848
28,32,37,-499745652,-999491304
28,32,38,-499478528,-998957056
28,32,39,-493967916,-987935832
28,32,40,-482875680,-965751360
28,32,41,-465863684,-931727368
28,32,42,-442593792,-885187584
28,32,43,-412727868,-825455736
28,32,44,-375927776,-751855552
28,32,45,-331855380,-663710760
28,32,46,-280172544,-560345088
28,32,47,-220541132,-441082264
28,32,48,-152623008,-305246016
28,32,49,-76080036,-152160072
28,32,50,9425920,18851840
28,32,51,104232996,208465992
28,32,52,208679328,417358656
28,32,53,323103052,646206104
28,32,54,447842304,895684608
28,33,34,-498955776,-997911552
28,33,35,-515081556,-1030163112
28,33,36,-526880780,-1053761560
28,33,37,-533999088,-1067998176
28,33,38,-536082120,-1072164240
28,33,39,-532775516,-1065551032
28,33,40,-523724916,-1047449832
28,33,41,-508575960,-1017151920
28,33,42,-486974288,-973948576
28,33,43,-458565540,-917131080
28,33,44,-422995356,-845990712
28,33,45,-379909376,-759818752
28,33,46,-328953240,-657906480
28,33,47,-269772588,-539545176
28,33,48,-202013060,-404026120
28,33,49,-125320296,-250640592
28,33,50,-39339936,-78679872
28,33,51,56282380,112564760
28,33,52,161901012,323802024
28,33,53,277870320,555740640
28,33,54,404544664,809089328
28,34,35,-540506880,-1081013760
28,34,36,-554827776,-1109655552
28,34,37,-564350976,-1128701952
28,34,38,-568705536,-1137411072
28,34,39,-567520512,-1135041024
28,34,40,-560424960,-1120849920
28,34,41,-547047936,-1094095872
28,34,42,-527018496,-1054036992
28,34,43,-499965696,-999931392
28,34,44,-465518592,-931037184
28,34,45,-423306240,-846612480
28,34,46,-372957696,-745915392
28,34,47,-314102016,-628204032
28,34,48,-246368256,-492736512
28,34,49,-169385472,-338770944
28,34,50,-82782720,-165565440
28,34,51,13810944,27621888
28,34,52,120766464,241532928
28,34,53,238454784,476909568
28,34,54,367246848,734493696
28,35,36,-578543220,-1157086440
28,35,37,-590378460,-1180756920
28,35,38,-596907896,-1193815792
28,35,39,-597743640,-1195487280
28,35,40,-592497804,-1184995608
28,35,41,-580782500,-1161565000
28,35,42,-562209840,-1124419680
28,35,43,-536391936,-1072783872
28,35,44,-502940900,-1005881800
28,35,45,-461468844,-922937688
28,35,46,-411587880,-823175760
28,35,47,-352910120,-705820240
28,35,48,-285047676,-570095352
28,35,49,-207612660,-415225320
28,35,50,-120217184,-240434368
28,35,51,-22473360,-44946720
28,35,52,86006700,172013400
28,35,53,205610884,411221768
28,35,54,336727080,673454160
28,36,37,-611658684,-1223317368
28,36,38,-620248320,-1240496640
28,36,39,-622985636,-1245971272
28,36,40,-619465440,-1238930880
28,36,41,-609282540,-1218565080
28,36,42,-592031744,-1184063488
28,36,43,-567307860,-1134615720
28,36,44,-534705696,-1069411392
28,36,45,-493820060,-987640120
28,36,46,-444245760,-888491520
28,36,47,-385577604,-771155208
28,36,48,-317410400,-634820800
28,36,49,-239338956,-478677912
28,36,50,-150958080,-301916160
28,36,51,-51862580,-103725160
28,36,52,58352736,116705472
28,36,53,180093060,360186120
28,36,54,313763584,627527168
28,37,38,-638285928,-1276571856
28,37,39,-642787236,-1285574472
28,37,40,-640849860,-1281699720
28,37,41,-632050944,-1264101888
28,37,42,-615967632,-1231935264
28,37,43,-592177068,-1184354136
28,37,44,-560256396,-1120512792
28,37,45,-519782760,-1039565520
28,37,46,-470333304,-940666608
28,37,47,-411485172,-822970344
28,37,48,-342815508,-685631016
28,37,49,-263901456,-527802912
28,37,50,-174320160,-348640320
28,37,51,-73648764,-147297528
28,37,52,38535588,77071176
28,37,53,162655752,325311504
28,37,54,299134584,598269168
28,38,39,-656689176,-1313378352
28,38,40,-656173056,-1312346112
28,38,41,-648590600,-1297181200
28,38,42,-633500928,-1267001856
28,38,43,-610463160,-1220926320
28,38,44,-579036416,-1158072832
28,38,45,-538779816,-1077559632
28,38,46,-489252480,-978504960
28,38,47,-430013528,-860027056
28,38,48,-360622080,-721244160
28,38,49,-280637256,-561274512
28,38,50,-189618176,-379236352
28,38,51,-87123960,-174247920
28,38,52,27286272,54572544
28,38,53,154053400,308106800
28,38,54,293618304,587236608
28,39,40,-664957020,-1329914040
28,39,41,-658404396,-1316808792
28,39,42,-644115056,-1288230112
28,39,43,-621629736,-1243259472
28,39,44,-590489172,-1180978344
28,39,45,-550234100,-1100468200
28,39,46,-500405256,-1000810512
28,39,47,-440543376,-881086752
28,39,48,-370189196,-740378392
28,39,49,-288883452,-577766904
28,39,50,-196166880,-392333760
28,39,51,-91580216,-183160432
28,39,52,25335804,50671608
28,39,53,155040444,310080888
28,39,54,297992968,595985936
28,40,41,-660995220,-1321990440
28,40,42,-647293440,-1294586880
28,40,43,-625140396,-1250280792
28,40,44,-594058080,-1188116160
28,40,45,-553568484,-1107136968
28,40,46,-503193600,-1006387200
28,40,47,-442455420,-884910840
28,40,48,-370875936,-741751872
28,40,49,-287977140,-575954280
28,40,50,-193281024,-386562048
28,40,51,-86309580,-172619160
28,40,52,33415200,66830400
28,40,53,166371324,332742648
28,40,54,313036800,626073600
28,41,42,-642519504,-1285039008
28,41,43,-620458740,-1240917480
28,41,44,-589186556,-1178373112
28,41,45,-548205840,-1096411680
28,41,46,-497019480,-994038960
28,41,47,-435130364,-870260728
28,41,48,-362041380,-724082760
28,41,49,-277255416,-554510832
28,41,50,-180275360,-360550720
28,41,51,-70604100,-141208200
28,41,52,52255476,104510952
28,41,53,188800480,377600960
28,41,54,339528024,679056048
28,42,43,-607048368,-1214096736
28,42,44,-575318016,-1150636032
28,42,45,-533569040,-1067138080
28,42,46,-481284864,-962569728
28,42,47,-417948912,-835897824
28,42,48,-343044608,-686089216
28,42,49,-256055376,-512110752
28,42,50,-156464640,-312929280
28,42,51,-43755824,-87511648
28,42,52,82587648,165175296
28,42,53,223082352,446164704
28,42,54,378244864,756489728
28,43,44,-551895876,-1103791752
28,43,45,-509080956,-1018161912
28,43,46,-455391720,-910783440
28,43,47,-390291768,-780583536
28,43,48,-313244700,-626489400
28,43,49,-223714116,-447428232
28,43,50,-121163616,-242327232
28,43,51,-5056800,-10113600
28,43,52,125142732,250285464
28,43,53,269971380,539942760
28,43,54,429965544,859931088
28,44,45,-474164460,-948328920
28,44,46,-418742016,-837484032
28,44,47,-351539636,-703079272
28,44,48,-272000736,-544001472
28,44,49,-179568732,-359137464
28,44,50,-73687040,-147374080
28,44,51,46200924,92401848
28,44,52,180651744,361303488
28,44,53,330222004,660444008
28,44,54,495468288,990936576
28,45,46,-370737720,-741475440
28,45,47,-301073220,-602146440
28,45,48,-218671796,-437343592
28,45,49,-122956320,-245912640
28,45,50,-13349664,-26699328
28,45,51,110725300,221450600
28,45,52,249845700,499691400
28,45,53,404588664,809177328
28,45,54,575531320,1151062640
28,46,47,-238273224,-476546448
28,46,48,-152616960,-305233920
28,46,49,-53213976,-106427952
28,46,50,60533760,121067520
28,46,51,189224280,378448560
28,46,52,333455616,666911232
28,46,53,493825800,987651600
28,46,54,670932864,1341865728
28,47,48,-73195308,-146390616
28,47,49,30321204,60642408
28,47,50,148648480,297296960
28,47,51,282405816,564811632
28,47,52,432212508,864425016
28,47,53,598687852,1197375704
28,47,54,782451144,1564902288
28,48,49,128312124,256624248
28,48,50,251679744,503359488
28,48,51,390977860,781955720
28,48,52,546847392,1093694784
28,48,53,719929260,1439858520
28,48,54,910864384,1821728768
28,49,50,370312800,740625600
28,49,51,515648364,1031296728
28,49,52,678091284,1356182568
28,49,53,858304464,1716608928
28,49,54,1056950808,2113901616
28,50,51,657125280,1314250560
28,50,52,826675200,1653350400
28,50,53,1014567904,2029135808
28,50,54,1221488640,2442977280
28,51,52,993330156,1986660312
28,51,53,1189474020,2378948040
28,51,54,1405256104,2810512208
28,52,53,1383777252,2767554504
28,52,54,1609031424,3218062848
28,53,54,1833592824,3667185648
29,30,31,-402645744,-805291488
29,30,32,-424832040,-849664080
29,30,33,-443880000,-887760000
29,30,34,-459466704,-918933408
29,30,35,-471269232,-942538464
29,30,36,-478964664,-957929328
29,30,37,-482230080,-964460160
29,30,38,-480742560,-961485120
29,30,39,-474179184,-948358368
29,30,40,-462217032,-924434064
29,30,41,-444533184,-889066368
29,30,42,-420804720,-841609440
29,30,43,-390708720,-781417440
29,30,44,-353922264,-707844528
29,30,45,-310122432,-620244864
29,30,46,-258986304,-517972608
29,30,47,-200190960,-400381920
29,30,48,-133413480,-266826960
29,30,49,-58330944,-116661888
29,30,50,25379568,50759136
29,30,51,118040976,236081952
29,30,52,219976200,439952400
29,30,53,331508160,663016320
29,30,54,452959776,905919552
29,30,55,584653968,1169307936
29,30,56,726913656,1453827312
29,30,57,880061760,1760123520
29,31,32,-456844772,-913689544
29,31,33,-479359386,-958718772
29,31,34,-498365232,-996730464
29,31,35,-513523184,-1027046368
29,31,36,-524494116,-1048988232
29,31,37,-530938902,-1061877804
29,31,38,-532518416,-1065036832
29,31,39,-528893532,-1057787064
29,31,40,-519725124,-1039450248
29,31,41,-504674066,-1009348132
29,31,42,-483401232,-966802464
29,31,43,-455567496,-911134992
29,31,44,-420833732,-841667464
29,31,45,-378860814,-757721628
29,31,46,-329309616,-658619232
29,31,47,-271841012,-543682024
29,31,48,-206115876,-412231752
29,31,49,-131795082,-263590164
29,31,50,-48539504,-97079008
29,31,51,43989984,87979968
29,31,52,146132508,292265016
29,31,53,258227194,516454388
29,31,54,380613168,761226336
29,31,55,513629556,1027259112
29,31,56,657615484,1315230968
29,31,57,812910078,1625820156
29,32,33,-511978536,-1023957072
29,32,34,-534388160,-1068776320
29,32,35,-552885340,-1105770680
29,32,36,-567114372,-1134228744
29,32,37,-576719552,-1153439104
29,32,38,-581345176,-1162690352
29,32,39,-580635540,-1161271080
29,32,40,-574234940,-1148469880
29,32,41,-561787672,-1123575344
29,32,42,-542938032,-1085876064
29,32,43,-517330316,-1034660632
29,32,44,-484608820,-969217640
29,32,45,-444417840,-888835680
29,32,46,-396401672,-792803344
29,32,47,-340204612,-680409224
29,32,48,-275470956,-550941912
29,32,49,-201845000,-403690000
29,32,50,-118971040,-237942080
29,32,51,-26493372,-52986744
29,32,52,75943708,151887416
29,32,53,188695904,377391808
29,32,54,312118920,624237840
29,32,55,446568460,893136920
29,32,56,592400228,1184800456
29,32,57,749969928,1499939856
29,33,34,-567145512,-1134291024
29,33,35,-588948030,-1177896060
29,33,36,-606399696,-1212799392
29,33,37,-619127856,-1238255712
29,33,38,-626759856,-1253519712
29,33,39,-628923042,-1257846084
29,33,40,-625244760,-1250489520
29,33,41,-615352356,-1230704712
29,33,42,-598873176,-1197746352
29,33,43,-575434566,-1150869132
29,33,44,-544663872,-1089327744
29,33,45,-506188440,-1012376880
29,33,46,-459635616,-919271232
29,33,47,-404632746,-809265492
29,33,48,-340807176,-681614352
29,33,49,-267786252,-535572504
29,33,50,-185197320,-370394640
29,33,51,-92667726,-185335452
29,33,52,10175184,20350368
29,33,53,123704064,247408128
29,33,54,248291568,496583136
29,33,55,384310350,768620700
29,33,56,532133064,1064266128
29,33,57,692132364,1384264728
29,34,35,-621303584,-1242607168
29,34,36,-641924352,-1283848704
29,34,37,-657719640,-1315439280
29,34,38,-668299472,-1336598944
29,34,39,-673273872,-1346547744
29,34,40,-672252864,-1344505728
29,34,41,-664846472,-1329692944
29,34,42,-650664720,-1301329440
29,34,43,-629317632,-1258635264
29,34,44,-600415232,-1200830464
29,34,45,-563567544,-1127135088
29,34,46,-518384592,-1036769184
29,34,47,-464476400,-928952800
29,34,48,-401452992,-802905984
29,34,49,-328924392,-657848784
29,34,50,-246500624,-493001248
29,34,51,-153791712,-307583424
29,34,52,-50407680,-100815360
29,34,53,64041448,128082896
29,34,54,189945648,379891296
29,34,55,327694896,655389792
29,34,56,477679168,955358336
29,34,57,640288440,1280576880
29,35,36,-673262604,-1346525208
29,35,37,-692050730,-1384101460
29,35,38,-705501040,-1411002080
29,35,39,-713205864,-1426411728
29,35,40,-714757532,-1429515064
29,35,41,-709748374,-1419496748
29,35,42,-697770720,-1395541440
29,35,43,-678416900,-1356833800
29,35,44,-651279244,-1302558488
29,35,45,-615950082,-1231900164
29,35,46,-572021744,-1144043488
29,35,47,-519086560,-1038173120
29,35,48,-456736860,-913473720
29,35,49,-384564974,-769129948
29,35,50,-302163232,-604326464
29,35,51,-209123964,-418247928
29,35,52,-105039500,-210079000
29,35,53,10497830,20995660
29,35,54,137895696,275791392
29,35,55,277561768,555123536
29,35,56,429903716,859807432
29,35,57,595329210,1190658420
29,36,37,-721676952,-1443353904
29,36,38,-737901576,-1475803152
29,36,39,-748236852,-1496473704
29,36,40,-752257044,-1504514088
29,36,41,-749536416,-1499072832
29,36,42,-739649232,-1479298464
29,36,43,-722169756,-1444339512
29,36,44,-696672252,-1393344504
29,36,45,-662730984,-1325461968
29,36,46,-619920216,-1239840432
29,36,47,-567814212,-1135628424
29,36,48,-505987236,-1011974472
29,36,49,-434013552,-868027104
29,36,50,-351467424,-702934848
29,36,51,-257923116,-515846232
29,36,52,-152954892,-305909784
29,36,53,-36137016,-72274032
29,36,54,92956248,185912496
29,36,55,234750636,469501272
29,36,56,389671884,779343768
29,36,57,558145728,1116291456
29,37,38,-765038096,-1530076192
29,37,39,-777884670,-1555769340
29,37,40,-784249680,-1568499360
29,37,41,-783688952,-1567377904
29,37,42,-775758312,-1551516624
29,37,43,-760013586,-1520027172
29,37,44,-736010600,-1472021200
29,37,45,-703305180,-1406610360
29,37,46,-661453152,-1322906304
29,37,47,-610010342,-1220020684
29,37,48,-548532576,-1097065152
29,37,49,-476575680,-953151360
29,37,50,-393695480,-787390960
29,37,51,-299447802,-598895604
29,37,52,-193388472,-386776944
29,37,53,-75073316,-150146632
29,37,54,55941840,111883680
29,37,55,200101170,400202340
29,37,56,357848848,715697696
29,37,57,529629048,1059258096
29,38,39,-801667152,-1603334304
29,38,40,-810233720,-1620467440
29,38,41,-811684336,-1623368672
29,38,42,-805556016,-1611112032
29,38,43,-791385776,-1582771552
29,38,44,-768710632,-1537421264
29,38,45,-737067600,-1474135200
29,38,46,-695993696,-1391987392
29,38,47,-645025936,-1290051872
29,38,48,-583701336,-1167402672
29,38,49,-511556912,-1023113824
29,38,50,-428129680,-856259360
29,38,51,-332956656,-665913312
29,38,52,-225574856,-451149712
29,38,53,-105521296,-211042592
29,38,54,27667008,55334016
29,38,55,174453040,348906080
29,38,56,335299784,670599568
29,38,57,510670224,1021340448
29,39,40,-829707444,-1659414888
29,39,41,-833000922,-1666001844
29,39,42,-828500400,-1657000800
29,39,43,-815723712,-1631447424
29,39,44,-794188692,-1588377384
29,39,45,-763413174,-1526826348
29,39,46,-722914992,-1445829984
29,39,47,-672211980,-1344423960
29,39,48,-610821972,-1221643944
29,39,49,-538262802,-1076525604
29,39,50,-454052304,-908104608
29,39,51,-357708312,-715416624
29,39,52,-248748660,-497497320
29,39,53,-126691182,-253382364
29,39,54,8946288,17892576
29,39,55,158645916,317291832
29,39,56,322889868,645779736
29,39,57,502160310,1004320620
29,40,41,-847117064,-1694234128
29,40,42,-844049520,-1688099040
29,40,43,-832464780,-1664929560
29,40,44,-811861124,-1623722248
29,40,45,-781736832,-1563473664
29,40,46,-741590184,-1483180368
29,40,47,-690919460,-1381838920
29,40,48,-629222940,-1258445880
29,40,49,-555998904,-1111997808
29,40,50,-470745632,-941491264
29,40,51,-372961404,-745922808
29,40,52,-262144500,-524289000
29,40,53,-137793200,-275586400
29,40,54,594216,1188432
29,40,55,153519468,307038936
29,40,56,321484276,642968552
29,40,57,504990360,1009980720
29,41,42,-851661432,-1703322864
29,41,43,-841046366,-1682092732
29,41,44,-821144272,-1642288544
29,41,45,-791433504,-1582867008
29,41,46,-751392416,-1502784832
29,41,47,-700499362,-1400998724
29,41,48,-638232696,-1276465392
29,41,49,-564070772,-1128141544
29,41,50,-477491944,-954983888
29,41,51,-377974566,-755949132
29,41,52,-264996992,-529993984
29,41,53,-138037576,-276075152
29,41,54,3425328,6850656
29,41,55,159913366,319826732
29,41,56,331948184,663896368
29,41,57,520051428,1040102856
29,42,43,-840905856,-1681811712
29,42,44,-821454480,-1642908960
29,42,45,-791898120,-1583796240
29,42,46,-751694832,-1503389664
29,42,47,-700302672,-1400605344
29,42,48,-637179696,-1274359392
29,42,49,-561783960,-1123567920
29,42,50,-473573520,-947147040
29,42,51,-372006432,-744012864
29,42,52,-256540752,-513081504
29,42,53,-126634536,-253269072
29,42,54,18254160,36508320
29,42,55,178667280,357334560
29,42,56,355146768,710293536
29,42,57,548234568,1096469136
29,43,44,-812208092,-1624416184
29,43,45,-782525610,-1565051220
29,43,46,-741870576,-1483741152
29,43,47,-689680376,-1379360752
29,43,48,-625392396,-1250784792
29,43,49,-548444022,-1096888044
29,43,50,-458272640,-916545280
29,43,51,-354315636,-708631272
29,43,52,-236010396,-472020792
29,43,53,-102794306,-205588612
29,43,54,45895248,91790496
29,43,55,210620880,421241760
29,43,56,391945204,783890408
29,43,57,590430834,1180861668
29,44,45,-762710904,-1525421808
29,44,46,-721292792,-1442585584
29,44,47,-667983460,-1335966920
29,44,48,-602199252,-1204398504
29,44,49,-523356512,-1046713024
29,44,50,-430871584,-861743168
29,44,51,-324160812,-648321624
29,44,52,-202640540,-405281080
29,44,53,-65727112,-131454224
29,44,54,87163128,174326256
29,44,55,256613836,513227672
29,44,56,443208668,886417336
29,44,57,647531280,1295062560
29,45,46,-689334624,-1378669248
29,45,47,-634562910,-1269125820
29,45,48,-566928720,-1133857440
29,45,49,-485826984,-971653968
29,45,50,-390652632,-781305264
29,45,51,-280800594,-561601188
29,45,52,-155665800,-311331600
29,45,53,-14643180,-29286360
29,45,54,142872336,285744672
29,45,55,317485818,634971636
29,45,56,509802336,1019604672
29,45,57,720426960,1440853920
29,46,47,-588769712,-1177539424
29,46,48,-518909256,-1037818512
29,46,49,-435160992,-870321984
29,46,50,-336898064,-673796128
29,46,51,-223493616,-446987232
29,46,52,-94320792,-188641584
29,46,53,51247264,102494528
29,46,54,213837408,427674816
29,46,55,394076496,788152992
29,46,56,592591384,1185182768
29,46,57,810008928,1620017856
29,47,48,-457469316,-914938632
29,47,49,-370664090,-741328180
29,47,50,-268890160,-537780320
29,47,51,-151498512,-302997024
29,47,52,-17840132,-35680264
29,47,53,132733994,265467988
29,47,54,300872880,601745760
29,47,55,487225540,974451080
29,47,56,692440988,1384881976
29,47,57,917168238,1834336476
29,48,49,-291641832,-583283664
29,48,50,-185911200,-371822400
29,48,51,-64073916,-128147832
29,48,52,74541564,149083128
29,48,53,230606784,461213568
29,48,54,404793288,809586576
29,48,55,597772620,1195545240
29,48,56,810216324,1620432648
29,48,57,1042795944,2085591888
29,49,50,-87243464,-174486928
29,49,51,39521538,79043076
29,49,52,183589680,367179360
29,49,53,345655408,691310816
29,49,54,526413168,1052826336
29,49,55,726557406,1453114812
29,49,56,946782568,1893565136
29,49,57,1187783100,2375566200
29,50,51,160029216,320058432
29,50,52,310069600,620139200
29,50,53,478669640,957339280
29,50,54,666547056,1333094112
29,50,55,874419568,1748839136
29,50,56,1103004896,2206009792
29,50,57,1353020760,2706041520
29,51,52,454746708,909493416
29,51,53,630439254,1260878508
29,51,54,826009488,1652018976
29,51,55,1042198776,2084397552
29,51,56,1279748484,2559496968
29,51,57,1539399978,3078799956
29,52,53,801754024,1603508048
29,52,54,1005615000,2011230000
29,52,55,1230734700,2461469400
29,52,56,1477878508,2955757016
29,52,57,1747811808,3495623616
29,53,54,1206178128,2412356256
29,53,55,1440867010,2881734020
29,53,56,1698260144,3396520288
29,53,57,1979147304,3958294608
29,54,55,1673435376,3346870752
29,54,56,1941758568,3883517136
29,54,57,2234297520,4468595040
29,55,56,2209238956,4418477912
29,55,57,2514153510,5028307020
30,31,32,-501531480,-1003062960
30,31,33,-528629360,-1057258720
30,31,34,-552201264,-1104402528
30,31,35,-571890816,-1143781632
30,31,36,-587341640,-1174683280
30,31,37,-598197360,-1196394720
30,31,38,-604101600,-1208203200
30,31,39,-604697984,-1209395968
30,31,40,-599630136,-1199260272
30,31,41,-588541680,-1177083360
30,31,42,-571076240,-1142152480
30,31,43,-546877440,-1093754880
30,31,44,-515588904,-1031177808
30,31,45,-476854256,-953708512
30,31,46,-430317120,-860634240
30,31,47,-375621120,-751242240
30,31,48,-312409880,-624819760
30,31,49,-240327024,-480654048
30,31,50,-159016176,-318032352
30,31,51,-68120960,-136241920
30,31,52,32715000,65430000
30,31,53,143848080,287696160
30,31,54,265634656,531269312
30,31,55,398431104,796862208
30,31,56,542593800,1085187600
30,31,57,698479120,1396958240
30,31,58,866443440,1732886880
30,31,59,1046843136,2093686272
30,32,33,-566990280,-1133980560
30,32,34,-594570240,-1189140480
30,32,35,-618219000,-1236438000
30,32,36,-637562880,-1275125760
30,32,37,-652228200,-1304456400
30,32,38,-661841280,-1323682560
30,32,39,-666028440,-1332056880
30,32,40,-664416000,-1328832000
30,32,41,-656630280,-1313260560
30,32,42,-642297600,-1284595200
30,32,43,-621044280,-1242088560
30,32,44,-592496640,-1184993280
30,32,45,-556281000,-1112562000
30,32,46,-512023680,-1024047360
30,32,47,-459351000,-918702000
30,32,48,-397889280,-795778560
30,32,49,-327264840,-654529680
30,32,50,-247104000,-494208000
30,32,51,-157033080,-314066160
30,32,52,-56678400,-113356800
30,32,53,54333720,108667440
30,32,54,176376960,352753920
30,32,55,309825000,619650000
30,32,56,455051520,910103040
30,32,57,612430200,1224860400
30,32,58,782334720,1564669440
30,32,59,965138760,1930277520
30,33,34,-633727760,-1267455520
30,33,35,-661321584,-1322643168
30,33,36,-684543640,-1369087280
30,33,37,-703002560,-1406005120
30,33,38,-716306976,-1432613952
30,33,39,-724065520,-1448131040
30,33,40,-725886824,-1451773648
30,33,41,-721379520,-1442759040
30,33,42,-710152240,-1420304480
30,33,43,-691813616,-1383627232
30,33,44,-665972280,-1331944560
30,33,45,-632236864,-1264473728
30,33,46,-590216000,-1180432000
30,33,47,-539518320,-1079036640
30,33,48,-479752456,-959504912
30,33,49,-410527040,-821054080
30,33,50,-331450704,-662901408
30,33,51,-242132080,-484264160
30,33,52,-142179800,-284359600
30,33,53,-31202496,-62404992
30,33,54,91191200,182382400
30,33,55,225392656,450785312
30,33,56,371793240,743586480
30,33,57,530784320,1061568640
30,33,58,702757264,1405514528
30,33,59,888103440,1776206880
30,34,35,-700770672,-1401541344
30,34,36,-727837184,-1455674368
30,34,37,-750054480,-1500108960
30,34,38,-767013120,-1534026240
30,34,39,-778303664,-1556607328
30,34,40,-783516672,-1567033344
30,34,41,-782242704,-1564485408
30,34,42,-774072320,-1548144640
30,34,43,-758596080,-1517192160
30,34,44,-735404544,-1470809088
30,34,45,-704088272,-1408176544
30,34,46,-664237824,-1328475648
30,34,47,-615443760,-1230887520
30,34,48,-557296640,-1114593280
30,34,49,-489387024,-978774048
30,34,50,-411305472,-822610944
30,34,51,-322642544,-645285088
30,34,52,-222988800,-445977600
30,34,53,-111934800,-223869600
30,34,54,10928896,21857792
30,34,55,146011728,292023456
30,34,56,293723136,587446272
30,34,57,454472560,908945120
30,34,58,628669440,1257338880
30,34,59,816723216,1633446432
30,35,36,-766996776,-1533993552
30,35,37,-792918000,-1585836000
30,35,38,-813474144,-1626948288
30,35,39,-828237312,-1656474624
30,35,40,-836779608,-1673559216
30,35,41,-838673136,-1677346272
30,35,42,-833490000,-1666980000
30,35,43,-820802304,-1641604608
30,35,44,-800182152,-1600364304
30,35,45,-771201648,-1542403296
30,35,46,-733432896,-1466865792
30,35,47,-686448000,-1372896000
30,35,48,-629819064,-1259638128
30,35,49,-563118192,-1126236384
30,35,50,-485917488,-971834976
30,35,51,-397789056,-795578112
30,35,52,-298305000,-596610000
30,35,53,-187037424,-374074848
30,35,54,-63558432,-127116864
30,35,55,72559872,145119744
30,35,56,221745384,443490768
30,35,57,384426000,768852000
30,35,58,561029616,1122059232
30,35,59,751984128,1503968256
30,36,37,-831127160,-1662254320
30,36,38,-855204480,-1710408960
30,36,39,-873360904,-1746721808
30,36,40,-885149696,-1770299392
30,36,41,-890124120,-1780248240
30,36,42,-887837440,-1775674880
30,36,43,-877842920,-1755685840
30,36,44,-859693824,-1719387648
30,36,45,-832943416,-1665886832
30,36,46,-797144960,-1594289920
30,36,47,-751851720,-1503703440
30,36,48,-696616960,-1393233920
30,36,49,-630993944,-1261987888
30,36,50,-554535936,-1109071872
30,36,51,-466796200,-933592400
30,36,52,-367328000,-734656000
30,36,53,-255684600,-511369200
30,36,54,-131419264,-262838528
30,36,55,5914744,11829488
30,36,56,156764160,313528320
30,36,57,321575720,643151440
30,36,58,500796160,1001592320
30,36,59,694872216,1389744432
30,37,38,-891718560,-1783437120
30,37,39,-913168880,-1826337760
30,37,40,-928101000,-1856202000
30,37,41,-936048960,-1872097920
30,37,42,-936546800,-1873093600
30,37,43,-929128560,-1858257120
30,37,44,-913328280,-1826656560
30,37,45,-888680000,-1777360000
30,37,46,-854717760,-1709435520
30,37,47,-810975600,-1621951200
30,37,48,-756987560,-1513975120
30,37,49,-692287680,-1384575360
30,37,50,-616410000,-1232820000
30,37,51,-528888560,-1057777120
30,37,52,-429257400,-858514800
30,37,53,-317050560,-634101120
30,37,54,-191802080,-383604160
30,37,55,-53046000,-106092000
30,37,56,99683640,199367280
30,37,57,266852800,533705600
30,37,58,448927440,897854880
30,37,59,646373520,1292747040
30,38,39,-947155680,-1894311360
30,38,40,-965107584,-1930215168
30,38,41,-975900960,-1951801920
30,38,42,-979050240,-1958100480
30,38,43,-974069856,-1948139712
30,38,44,-960474240,-1920948480
30,38,45,-937777824,-1875555648
30,38,46,-905495040,-1810990080
30,38,47,-863140320,-1726280640
30,38,48,-810228096,-1620456192
30,38,49,-746272800,-1492545600
30,38,50,-670788864,-1341577728
30,38,51,-583290720,-1166581440
30,38,52,-483292800,-966585600
30,38,53,-370309536,-740619072
30,38,54,-243855360,-487710720
30,38,55,-103444704,-206889408
30,38,56,51408000,102816000
30,38,57,221188320,442376640
30,38,58,406381824,812763648
30,38,59,607474080,1214948160
30,39,40,-995643512,-1991287024
30,39,41,-1009133424,-2018266848
30,39,42,-1014779920,-2029559840
30,39,43,-1012077440,-2024154880
30,39,44,-1000520424,-2001040848
30,39,45,-979603312,-1959206624
30,39,46,-948820544,-1897641088
30,39,47,-907666560,-1815333120
30,39,48,-855635800,-1711271600
30,39,49,-792222704,-1584445408
30,39,50,-716921712,-1433843424
30,39,51,-629227264,-1258454528
30,39,52,-528633800,-1057267600
30,39,53,-414635760,-829271520
30,39,54,-286727584,-573455168
30,39,55,-144403712,-288807424
30,39,56,12841416,25682832
30,39,57,185513360,371026720
30,39,58,374117680,748235360
30,39,59,579159936,1158319872
30,40,41,-1035199656,-2070399312
30,40,42,-1043168000,-2086336000
30,40,43,-1042561944,-2085123888
30,40,44,-1032855552,-2065711104
30,40,45,-1013522888,-2027045776
30,40,46,-984038016,-1968076032
30,40,47,-943875000,-1887750000
30,40,48,-892507904,-1785015808
30,40,49,-829410792,-1658821584
30,40,50,-754057728,-1508115456
30,40,51,-665922776,-1331845552
30,40,52,-564480000,-1128960000
30,40,53,-449203464,-898406928
30,40,54,-319567232,-639134464
30,40,55,-175045368,-350090736
30,40,56,-15111936,-30223872
30,40,57,160759000,321518000
30,40,58,353093376,706186752
30,40,59,562417128,1124834256
30,41,42,-1063646640,-2127293280
30,41,43,-1064934000,-2129868000
30,41,44,-1056868344,-2113736688
30,41,45,-1038902976,-2077805952
30,41,46,-1010491200,-2020982400
30,41,47,-971086320,-1942172640
30,41,48,-920141640,-1840283280
30,41,49,-857110464,-1714220928
30,41,50,-781446096,-1562892192
30,41,51,-692601840,-1385203680
30,41,52,-590031000,-1180062000
30,41,53,-473186880,-946373760
30,41,54,-341522784,-683045568
30,41,55,-194492016,-388984032
30,41,56,-31547880,-63095760
30,41,57,147856320,295712640
30,41,58,344267280,688534560
30,41,59,558231696,1116463392
30,42,43,-1078604240,-2157208480
30,42,44,-1071947520,-2143895040
30,42,45,-1055110000,-2110220000
30,42,46,-1027523840,-2055047680
30,42,47,-988621200,-1977242400
30,42,48,-937834240,-1875668480
30,42,49,-874595120,-1749190240
30,42,50,-798336000,-1596672000
30,42,51,-708489040,-1416978080
30,42,52,-604486400,-1208972800
30,42,53,-485760240,-971520480
30,42,54,-351742720,-703485440
30,42,55,-201866000,-403732000
30,42,56,-35562240,-71124480
30,42,57,147736400,295472800
30,42,58,348597760,697195520
30,42,59,567589680,1135179360
30,43,44,-1077481800,-2154963600
30,43,45,-1061510384,-2123020768
30,43,46,-1034479680,-2068959360
30,43,47,-995800320,-1991600640
30,43,48,-944882936,-1889765872
30,43,49,-881138160,-1762276320
30,43,50,-803976624,-1607953248
30,43,51,-712808960,-1425617920
30,43,52,-607045800,-1214091600
30,43,53,-486097776,-972195552
30,43,54,-349375520,-698751040
30,43,55,-196289664,-392579328
30,43,56,-26250840,-52501680
30,43,57,161330320,322660640
30,43,58,367043184,734086368
30,43,59,591477120,1182954240
30,44,45,-1057470552,-2114941104
30,44,46,-1030702464,-2061404928
30,44,47,-991944360,-1983888720
30,44,48,-940584960,-1881169920
30,44,49,-876012984,-1752025968
30,44,50,-797617152,-1595234304
30,44,51,-704786184,-1409572368
30,44,52,-596908800,-1193817600
30,44,53,-473373720,-946747440
30,44,54,-333569664,-667139328
30,44,55,-176885352,-353770704
30,44,56,-2709504,-5419008
30,44,57,189569160,379138320
30,44,58,400561920,801123840
30,44,59,630880056,1261760112
30,45,46,-1015535936,-2031071872
30,45,47,-976374000,-1952748000
30,45,48,-924237544,-1848475088
30,45,49,-858492992,-1716985984
30,45,50,-778506768,-1557013536
30,45,51,-683645296,-1367290592
30,45,52,-573275000,-1146550000
30,45,53,-446762304,-893524608
30,45,54,-303473632,-606947264
30,45,55,-142775408,-285550816
30,45,56,35965944,71931888
30,45,57,233384000,466768000
30,45,58,450112336,900224672
30,45,59,686784528,1373569056
30,46,47,-948409920,-1896819840
30,46,48,-895137920,-1790275840
30,46,49,-827851584,-1655703168
30,46,50,-745894656,-1491789312
30,46,51,-648610880,-1297221760
30,46,52,-535344000,-1070688000
30,46,53,-405437760,-810875520
30,46,54,-258235904,-516471808
30,46,55,-93082176,-186164352
30,46,56,90679680,181359360
30,46,57,293705920,587411840
30,46,58,516652800,1033305600
30,46,59,760176576,1520353152
30,47,48,-852583320,-1705166640
30,47,49,-783362160,-1566724320
30,47,50,-699030000,-1398060000
30,47,51,-598907520,-1197815040
30,47,52,-482315400,-964630800
30,47,53,-348574320,-697148640
30,47,54,-197004960,-394009920
30,47,55,-26928000,-53856000
30,47,56,162335880,324671760
30,47,57,371466000,742932000
30,47,58,601141680,1202283360
30,47,59,852042240,1704084480
30,48,49,-724298120,-1448596240
30,48,50,-637161984,-1274323968
30,48,51,-533759800,-1067519600
30,48,52,-413388800,-826777600
30,48,53,-275346216,-550692432
30,48,54,-118929280,-237858560
30,48,55,56564776,113129552
30,48,56,251838720,503677440
30,48,57,467595320,935190640
30,48,58,704537344,1409074688
30,48,59,963367560,1926735120
30,49,50,-559539792,-1119079584
30,49,51,-452392304,-904784608
30,49,52,-327763800,-655527600
30,49,53,-184927680,-369855360
30,49,54,-23157344,-46314688
30,49,55,158273808,316547616
30,49,56,360092376,720184752
30,49,57,583024960,1166049920
30,49,58,827798160,1655596320
30,49,59,1095138576,2190277152
30,50,51,-354029616,-708059232
30,50,52,-224640000,-449280000
30,50,53,-76492944,-152985888
30,50,54,91162368,182324736
30,50,55,279076752,558153504
30,50,56,488001024,976002048
30,50,57,718686000,1437372000
30,50,58,971882496,1943764992
30,50,59,1248341328,2496682656
30,51,52,-103217000,-206434000
30,51,53,50783760,101567520
30,51,54,224881376,449762752
30,51,55,419851264,839702528
30,51,56,636468840,1272937680
30,51,57,875509520,1751019040
30,51,58,1137748720,2275497440
30,51,59,1423961856,2847923712
30,52,53,197728200,395456400
30,52,54,378851200,757702400
30,52,55,581475000,1162950000
30,52,56,806400000,1612800000
30,52,57,1054426600,2108853200
30,52,58,1326355200,2652710400
30,52,59,1622986200,3245972400
30,53,54,553923360,1107846720
30,53,55,764825616,1529651232
30,53,56,998698680,1997397360
30,53,57,1256368320,2512736640
30,53,58,1538660304,3077320608
30,53,59,1846400400,3692800800
30,54,55,970780768,1941561536
30,54,56,1214269056,2428538112
30,54,57,1482265760,2964531520
30,54,58,1775622400,3551244800
30,54,59,2095190496,4190380992
30,55,56,1454015304,2908030608
30,55,57,1733050000,3466100000
30,55,58,2038199856,4076399712
30,55,59,2370342528,4740685056
30,56,57,2009652120,4019304240
30,56,58,2327351040,4654702080
30,56,59,2672842536,5345685072
30,57,58,2644034320,5288068640
30,57,59,3003676560,6007353120
31,32,33,-619747164,-1239494328
31,32,34,-652564032,-1305128064
31,32,35,-681433280,-1362866560
31,32,36,-705962844,-1411925688
31,32,37,-725760660,-1451521320
31,32,38,-740434664,-1480869328
31,32,39,-749592792,-1499185584
31,32,40,-752842980,-1505685960
31,32,41,-749793164,-1499586328
31,32,42,-740051280,-1480102560
31,32,43,-723225264,-1446450528
31,32,44,-698923052,-1397846104
31,32,45,-666752580,-1333505160
31,32,46,-626321784,-1252643568
31,32,47,-577238600,-1154477200
31,32,48,-519110964,-1038221928
31,32,49,-451546812,-903093624
31,32,50,-374154080,-748308160
31,32,51,-286540704,-573081408
31,32,52,-188314620,-376629240
31,32,53,-79083764,-158167528
31,32,54,41543928,83087856
31,32,55,173960520,347921040
31,32,56,318558076,637116152
31,32,57,475728660,951457320
31,32,58,645864336,1291728672
31,32,59,829357168,1658714336
31,32,60,1026599220,2053198440
31,32,61,1237982556,2475965112
31,33,34,-698232096,-1396464192
31,33,35,-731710980,-1463421960
31,33,36,-760800140,-1521600280
31,33,37,-785089074,-1570178148
31,33,38,-804167280,-1608334560
31,33,39,-817624256,-1635248512
31,33,40,-825049500,-1650099000
31,33,41,-826032510,-1652065020
31,33,42,-820162784,-1640325568
31,33,43,-807029820,-1614059640
31,33,44,-786223116,-1572446232
31,33,45,-757332170,-1514664340
31,33,46,-719946480,-1439892960
31,33,47,-673655544,-1347311088
31,33,48,-618048860,-1236097720
31,33,49,-552715926,-1105431852
31,33,50,-477246240,-954492480
31,33,51,-391229300,-782458600
31,33,52,-294254604,-588509208
31,33,53,-185911650,-371823300
31,33,54,-65789936,-131579872
31,33,55,66521040,133042080
31,33,56,211431780,422863560
31,33,57,369352786,738705572
31,33,58,540694560,1081389120
31,33,59,725867604,1451735208
31,33,60,925282420,1850564840
31,33,61,1139349510,2278699020
31,34,35,-778394904,-1556789808
31,34,36,-812030976,-1624061952
31,34,37,-840797712,-1681595424
31,34,38,-864265776,-1728531552
31,34,39,-882005832,-1764011664
31,34,40,-893588544,-1787177088
31,34,41,-898584576,-1797169152
31,34,42,-896564592,-1793129184
31,34,43,-887099256,-1774198512
31,34,44,-869759232,-1739518464
31,34,45,-844115184,-1688230368
31,34,46,-809737776,-1619475552
31,34,47,-766197672,-1532395344
31,34,48,-713065536,-1426131072
31,34,49,-649912032,-1299824064
31,34,50,-576307824,-1152615648
31,34,51,-491823576,-983647152
31,34,52,-396029952,-792059904
31,34,53,-288497616,-576995232
31,34,54,-168797232,-337594464
31,34,55,-36499464,-72998928
31,34,56,108825024,217650048
31,34,57,267605568,535211136
31,34,58,440271504,880543008
31,34,59,627252168,1254504336
31,34,60,828976896,1657953792
31,34,61,1045875024,2091750048
31,35,36,-859187160,-1718374320
31,35,37,-892398360,-1784796720
31,35,38,-920221520,-1840443040
31,35,39,-942208074,-1884416148
31,35,40,-957909456,-1915818912
31,35,41,-966877100,-1933754200
31,35,42,-968662440,-1937324880
31,35,43,-962816910,-1925633820
31,35,44,-948891944,-1897783888
31,35,45,-926438976,-1852877952
31,35,46,-895009440,-1790018880
31,35,47,-854154770,-1708309540
31,35,48,-803426400,-1606852800
31,35,49,-742375764,-1484751528
31,35,50,-670554296,-1341108592
31,35,51,-587513430,-1175026860
31,35,52,-492804600,-985609200
31,35,53,-385979240,-771958480
31,35,54,-266588784,-533177568
31,35,55,-134184666,-268369332
31,35,56,11681680,23363360
31,35,57,171458820,342917640
31,35,58,345595320,691190640
31,35,59,534539746,1069079492
31,35,60,738740664,1477481328
31,35,61,958646640,1917293280
31,36,37,-939402804,-1878805608
31,36,38,-971525880,-1943051760
31,36,39,-997701536,-1995403072
31,36,40,-1017461580,-2034923160
31,36,41,-1030337820,-2060675640
31,36,42,-1035862064,-2071724128
31,36,43,-1033566120,-2067132240
31,36,44,-1022981796,-2045963592
31,36,45,-1003640900,-2007281800
31,36,46,-975075240,-1950150480
31,36,47,-936816624,-1873633248
31,36,48,-888396860,-1776793720
31,36,49,-829347756,-1658695512
31,36,50,-759201120,-1518402240
31,36,51,-677488760,-1354977520
31,36,52,-583742484,-1167484968
31,36,53,-477494100,-954988200
31,36,54,-358275416,-716550832
31,36,55,-225618240,-451236480
31,36,56,-79054380,-158108760
31,36,57,81884356,163768712
31,36,58,257666160,515332320
31,36,59,448759224,897518448
31,36,60,655631740,1311263480
31,36,61,878751900,1757503800
31,37,38,-1017670224,-2035340448
31,37,39,-1047956772,-2095913544
31,37,40,-1071694260,-2143388520
31,37,41,-1088394474,-2176788948
31,37,42,-1097569200,-2195138400
31,37,43,-1098730224,-2197460448
31,37,44,-1091389332,-2182778664
31,37,45,-1075058310,-2150116620
31,37,46,-1049248944,-2098497888
31,37,47,-1013473020,-2026946040
31,37,48,-967242324,-1934484648
31,37,49,-910068642,-1820137284
31,37,50,-841463760,-1682927520
31,37,51,-760939464,-1521878928
31,37,52,-668007540,-1336015080
31,37,53,-562179774,-1124359548
31,37,54,-442967952,-885935904
31,37,55,-309883860,-619767720
31,37,56,-162439284,-324878568
31,37,57,-146010,-292020
31,37,58,177484176,354968352
31,37,59,370939488,741878976
31,37,60,580708140,1161416280
31,37,61,807278346,1614556692
31,38,39,-1092444336,-2184888672
31,38,40,-1120056840,-2240113680
31,38,41,-1140474800,-2280949600
31,38,42,-1153189584,-2306379168
31,38,43,-1157692560,-2315385120
31,38,44,-1153475096,-2306950192
31,38,45,-1140028560,-2280057120
31,38,46,-1116844320,-2233688640
31,38,47,-1083413744,-2166827488
31,38,48,-1039228200,-2078456400
31,38,49,-983779056,-1967558112
31,38,50,-916557680,-1833115360
31,38,51,-837055440,-1674110880
31,38,52,-744763704,-1489527408
31,38,53,-639173840,-1278347680
31,38,54,-519777216,-1039554432
31,38,55,-386065200,-772130400
31,38,56,-237529160,-475058320
31,38,57,-73660464,-147320928
31,38,58,106049520,212099040
31,38,59,302109424,604218848
31,38,60,515027880,1030055760
31,38,61,745313520,1490627040
31,39,40,-1161998664,-2323997328
31,39,41,-1186006536,-2372013072
31,39,42,-1202128952,-2404257904
31,39,43,-1209836466,-2419672932
31,39,44,-1208599632,-2417199264
31,39,45,-1197889004,-2395778008
31,39,46,-1177175136,-2354350272
31,39,47,-1145928582,-2291857164
31,39,48,-1103619896,-2207239792
31,39,49,-1049719632,-2099439264
31,39,50,-983698344,-1967396688
31,39,51,-905026586,-1810053172
31,39,52,-813174912,-1626349824
31,39,53,-707613876,-1415227752
31,39,54,-587814032,-1175628064
31,39,55,-453245934,-906491868
31,39,56,-303380136,-606760272
31,39,57,-137687192,-275374384
31,39,58,44362344,88724688
31,39,59,243297918,486595836
31,39,60,459648976,919297952
31,39,61,693944964,1387889928
31,40,41,-1224417420,-2448834840
31,40,42,-1243793040,-2487586080
31,40,43,-1254545280,-2509090560
31,40,44,-1256123484,-2512246968
31,40,45,-1247976996,-2495953992
31,40,46,-1229555160,-2459110320
31,40,47,-1200307320,-2400614640
31,40,48,-1159682820,-2319365640
31,40,49,-1107131004,-2214262008
31,40,50,-1042101216,-2084202432
31,40,51,-964042800,-1928085600
31,40,52,-872405100,-1744810200
31,40,53,-766637460,-1533274920
31,40,54,-646189224,-1292378448
31,40,55,-510509736,-1021019472
31,40,56,-359048340,-718096680
31,40,57,-191254380,-382508760
31,40,58,-6577200,-13154400
31,40,59,195533856,391067712
31,40,60,415629444,831258888
31,40,61,654260220,1308520440
31,41,42,-1277587584,-2555175168
31,41,43,-1291202340,-2582404680
31,41,44,-1295407196,-2590814392
31,41,45,-1289629890,-2579259780
31,41,46,-1273298160,-2546596320
31,41,47,-1245839744,-2491679488
31,41,48,-1206682380,-2413364760
31,41,49,-1155253806,-2310507612
31,41,50,-1090981760,-2181963520
31,41,51,-1013293980,-2026587960
31,41,52,-921618204,-1843236408
31,41,53,-815382170,-1630764340
31,41,54,-694013616,-1388027232
31,41,55,-556940280,-1113880560
31,41,56,-403589900,-807179800
31,41,57,-233390214,-466780428
31,41,58,-45768960,-91537920
31,41,59,159846124,319692248
31,41,60,384027300,768054600
31,41,61,627346830,1254693660
31,42,43,-1319190984,-2638381968
31,42,44,-1325811312,-2651622624
31,42,45,-1322185040,-2644370080
31,42,46,-1307717904,-2615435808
31,42,47,-1281815640,-2563631280
31,42,48,-1243883984,-2487767968
31,42,49,-1193328672,-2386657344
31,42,50,-1129555440,-2259110880
31,42,51,-1051970024,-2103940048
31,42,52,-959978160,-1919956320
31,42,53,-852985584,-1705971168
31,42,54,-730398032,-1460796064
31,42,55,-591621240,-1183242480
31,42,56,-436060944,-872121888
31,42,57,-263122880,-526245760
31,42,58,-72212784,-144425568
31,42,59,137263608,274527216
31,42,60,365900560,731801120
31,42,61,614292336,1228584672
31,43,44,-1346696376,-2693392752
31,43,45,-1344979800,-2689959600
31,43,46,-1332128160,-2664256320
31,43,47,-1307524794,-2615049588
31,43,48,-1270553040,-2541106080
31,43,49,-1220596236,-2441192472
31,43,50,-1157037720,-2314075440
31,43,51,-1079260830,-2158521660
31,43,52,-986648904,-1973297808
31,43,53,-878585280,-1757170560
31,43,54,-754453296,-1508906592
31,43,55,-613636290,-1227272580
31,43,56,-455517600,-911035200
31,43,57,-279480564,-558961128
31,43,58,-84908520,-169817040
31,43,59,128815194,257630388
31,43,60,362307240,724614480
31,43,61,616184280,1232368560
31,44,45,-1357351524,-2714703048
31,44,46,-1345842696,-2691685392
31,44,47,-1322256992,-2644513984
31,44,48,-1285954956,-2571909912
31,44,49,-1236297132,-2472594264
31,44,50,-1172644064,-2345288128
31,44,51,-1094356296,-2188712592
31,44,52,-1000794372,-2001588744
31,44,53,-891318836,-1782637672
31,44,54,-765290232,-1530580464
31,44,55,-622069104,-1244138208
31,44,56,-461015996,-922031992
31,44,57,-281491452,-562982904
31,44,58,-82856016,-165712032
31,44,59,135529768,271059536
31,44,60,374305356,748610712
31,44,61,634110204,1268220408
31,45,46,-1348175280,-2696350560
31,45,47,-1325302020,-2650604040
31,45,48,-1289355140,-2578710280
31,45,49,-1239671994,-2479343988
31,45,50,-1175589936,-2351179872
31,45,51,-1096446320,-2192892640
31,45,52,-1001578500,-2003157000
31,45,53,-890323830,-1780647660
31,45,54,-762019664,-1524039328
31,45,55,-616003356,-1232006712
31,45,56,-451612260,-903224520
31,45,57,-268183730,-536367460
31,45,58,-65055120,-130110240
31,45,59,158436216,316872432
31,45,60,402952924,805905848
31,45,61,669157650,1338315300
31,46,47,-1315949664,-2631899328
31,46,48,-1280019000,-2560038000
31,46,49,-1229961456,-2459922912
31,46,50,-1165090800,-2330181600
31,46,51,-1084720800,-2169441600
31,46,52,-988165224,-1976330448
31,46,53,-874737840,-1749475680
31,46,54,-743752416,-1487504832
31,46,55,-594522720,-1189045440
31,46,56,-426362520,-852725040
31,46,57,-238585584,-477171168
31,46,58,-30505680,-61011360
31,46,59,198563424,397126848
31,46,60,449307960,898615920
31,46,61,722414160,1444828320
31,47,48,-1257211944,-2514423888
31,47,49,-1206406152,-2412812304
31,47,50,-1140362120,-2280724240
31,47,51,-1058369634,-2116739268
31,47,52,-959718480,-1919436960
31,47,53,-843698444,-1687396888
31,47,54,-709599312,-1419198624
31,47,55,-556710870,-1113421740
31,47,56,-384322904,-768645808
31,47,57,-191725200,-383450400
31,47,58,21792456,43584912
31,47,59,256940278,513880556
31,47,60,514428480,1028856960
31,47,61,794967276,1589934552
31,48,49,-1168246716,-2336493432
31,48,50,-1100619360,-2201238720
31,48,51,-1016582720,-2033165440
31,48,52,-915402204,-1830804408
31,48,53,-796343220,-1592686440
31,48,54,-658671176,-1317342352
31,48,55,-501651480,-1003302960
31,48,56,-324549540,-649099080
31,48,57,-126630764,-253261528
31,48,58,92839440,185678880
31,48,59,334595664,669191328
31,48,60,599372500,1198745000
31,48,61,887904540,1775809080
31,49,50,-1045077984,-2090155968
31,49,51,-958549956,-1917099912
31,49,52,-854380332,-1708760664
31,49,53,-731809746,-1463619492
31,49,54,-590078832,-1180157664
31,49,55,-428428224,-856856448
31,49,56,-246098556,-492197112
31,49,57,-42330462,-84660924
31,49,58,183635424,367270848
31,49,59,432558468,865116936
31,49,60,705198036,1410396072
31,49,61,1002313494,2004626988
31,50,51,-883461240,-1766922480
31,50,52,-775816800,-1551633600
31,50,53,-649235600,-1298471200
31,50,54,-502933104,-1005866208
31,50,55,-336124776,-672249552
31,50,56,-148026080,-296052160
31,50,57,62147520,124295040
31,50,58,295180560,590361120
31,50,59,551857576,1103715152
31,50,60,832963104,1665926208
31,50,61,1139281680,2278563360
31,51,52,-678875544,-1357751088
31,51,53,-547758360,-1095516720
31,51,54,-396344816,-792689632
31,51,55,-223824810,-447649620
31,51,56,-29388240,-58776480
31,51,57,187774996,375549992
31,51,58,428475000,856950000
31,51,59,693521874,1387043748
31,51,60,983725720,1967451440
31,51,61,1299896640,2599793280
31,52,53,-426515604,-853031208
31,52,54,-269424792,-538849584
31,52,55,-90612000,-181224000
31,52,56,110758836,221517672
31,52,57,335523780,671047560
31,52,58,584518896,1169037792
31,52,59,858580248,1717160496
31,52,60,1158543900,2317087800
31,52,61,1485245916,2970491832
31,53,54,-121283856,-242567712
31,53,55,64429980,128859960
31,53,56,273359020,546718040
31,53,57,506365686,1012731372
31,53,58,764312400,1528624800
31,53,59,1048061584,2096123168
31,53,60,1358475660,2716951320
31,53,61,1696417050,3392834100
31,54,55,242217456,484434912
31,54,56,459356184,918712368
31,54,57,701272528,1402545056
31,54,58,968855664,1937711328
31,54,59,1262994768,2525989536
31,54,60,1584579016,3169158032
31,54,61,1934497584,3868995168
31,55,56,669694200,1339388400
31,55,57,921216120,1842432240
31,55,58,1199148840,2398297680
31,55,59,1504408686,3008817372
31,55,60,1837911984,3675823968
31,55,61,2200575060,4401150120
31,56,57,1167168276,2334336552
31,56,58,1456192080,2912384160
31,56,59,1773332224,3546664448
31,56,60,2119532580,4239065160
31,56,61,2495737020,4991474040
31,57,58,1740985536,3481971072
31,57,59,2070794268,4141588536
31,57,60,2430498820,4860997640
31,57,61,2821071006,5642142012
31,58,59,2397823704,4795647408
31,58,60,2771868720,5543737440
31,58,61,3177664560,6355329120
31,59,60,3144700296,6289400592
31,59,61,3566605224,7133210448
32,33,34,-760188096,-1520376192
32,33,35,-799624980,-1599249960
32,33,36,-834656724,-1669313448
32,33,37,-864853272,-1729706544
32,33,38,-889784568,-1779569136
32,33,39,-909020556,-1818041112
32,33,40,-922131180,-1844262360
32,33,41,-928686384,-1857372768
32,33,42,-928256112,-1856512224
32,33,43,-920410308,-1840820616
32,33,44,-904718916,-1809437832
32,33,45,-880751880,-1761503760
32,33,46,-848079144,-1696158288
32,33,47,-806270652,-1612541304
32,33,48,-754896348,-1509792696
32,33,49,-693526176,-1387052352
32,33,50,-621730080,-1243460160
32,33,51,-539078004,-1078156008
32,33,52,-445139892,-890279784
32,33,53,-339485688,-678971376
32,33,54,-221685336,-443370672
32,33,55,-91308780,-182617560
32,33,56,52074036,104148072
32,33,57,208893168,417786336
32,33,58,379578672,759157344
32,33,59,564560604,1129121208
32,33,60,764269020,1528538040
32,33,61,979133976,1958267952
32,33,62,1209585528,2419171056
32,33,63,1456053732,2912107464
32,34,35,-853663040,-1707326080
32,34,36,-893970432,-1787940864
32,34,37,-929391552,-1858783104
32,34,38,-959476736,-1918953472
32,34,39,-983776320,-1967552640
32,34,40,-1001840640,-2003681280
32,34,41,-1013220032,-2026440064
32,34,42,-1017464832,-2034929664
32,34,43,-1014125376,-2028250752
32,34,44,-1002752000,-2005504000
32,34,45,-982895040,-1965790080
32,34,46,-954104832,-1908209664
32,34,47,-915931712,-1831863424
32,34,48,-867926016,-1735852032
32,34,49,-809638080,-1619276160
32,34,50,-740618240,-1481236480
32,34,51,-660416832,-1320833664
32,34,52,-568584192,-1137168384
32,34,53,-464670656,-929341312
32,34,54,-348226560,-696453120
32,34,55,-218802240,-437604480
32,34,56,-75948032,-151896064
32,34,57,80785728,161571456
32,34,58,251848704,503697408
32,34,59,437690560,875381120
32,34,60,638760960,1277521920
32,34,61,855509568,1711019136
32,34,62,1088386048,2176772096
32,34,63,1337840064,2675680128
32,35,36,-949275180,-1898550360
32,35,37,-989909900,-1979819800
32,35,38,-1025137480,-2050274960
32,35,39,-1054488240,-2108976480
32,35,40,-1077492500,-2154985000
32,35,41,-1093680580,-2187361160
32,35,42,-1102582800,-2205165600
32,35,43,-1103729480,-2207458960
32,35,44,-1096650940,-2193301880
32,35,45,-1080877500,-2161755000
32,35,46,-1055939480,-2111878960
32,35,47,-1021367200,-2042734400
32,35,48,-976690980,-1953381960
32,35,49,-921441140,-1842882280
32,35,50,-855148000,-1710296000
32,35,51,-777341880,-1554683760
32,35,52,-687553100,-1375106200
32,35,53,-585311980,-1170623960
32,35,54,-470148840,-940297680
32,35,55,-341594000,-683188000
32,35,56,-199177780,-398355560
32,35,57,-42430500,-84861000
32,35,58,129117520,258235040
32,35,59,315935960,631871920
32,35,60,518494500,1036989000
32,35,61,737262820,1474525640
32,35,62,972710600,1945421200
32,35,63,1225307520,2450615040
32,36,37,-1045897380,-2091794760
32,36,38,-1086234624,-2172469248
32,36,39,-1120602492,-2241204984
32,36,40,-1148510880,-2297021760
32,36,41,-1169469684,-2338939368
32,36,42,-1182988800,-2365977600
32,36,43,-1188578124,-2377156248
32,36,44,-1185747552,-2371495104
32,36,45,-1174006980,-2348013960
32,36,46,-1152866304,-2305732608
32,36,47,-1121835420,-2243670840
32,36,48,-1080424224,-2160848448
32,36,49,-1028142612,-2056285224
32,36,50,-964500480,-1929000960
32,36,51,-889007724,-1778015448
32,36,52,-801174240,-1602348480
32,36,53,-700509924,-1401019848
32,36,54,-586524672,-1173049344
32,36,55,-458728380,-917456760
32,36,56,-316630944,-633261888
32,36,57,-159742260,-319484520
32,36,58,12427776,24855552
32,36,59,200369268,400738536
32,36,60,404572320,809144640
32,36,61,625527036,1251054072
32,36,62,863723520,1727447040
32,36,63,1119651876,2239303752
32,37,38,-1142235992,-2284471984
32,37,39,-1181565252,-2363130504
32,37,40,-1214319900,-2428639800
32,37,41,-1239989000,-2479978000
32,37,42,-1258061616,-2516123232
32,37,43,-1268026812,-2536053624
32,37,44,-1269373652,-2538747304
32,37,45,-1261591200,-2523182400
32,37,46,-1244168520,-2488337040
32,37,47,-1216594676,-2433189352
32,37,48,-1178358732,-2356717464
32,37,49,-1128949752,-2257899504
32,37,50,-1067856800,-2135713600
32,37,51,-994568940,-1989137880
32,37,52,-908575236,-1817150472
32,37,53,-809364752,-1618729504
32,37,54,-696426552,-1392853104
32,37,55,-569249700,-1138499400
32,37,56,-427323260,-854646520
32,37,57,-270136296,-540272592
32,37,58,-97177872,-194355744
32,37,59,92062948,184125896
32,37,60,298097100,596194200
32,37,61,521435520,1042871040
32,37,62,762589144,1525178288
32,37,63,1022068908,2044137816
32,38,39,-1236822696,-2473645392
32,38,40,-1274343680,-2548687360
32,38,41,-1304640184,-2609280368
32,38,42,-1327180032,-2654360064
32,38,43,-1341431048,-2682862096
32,38,44,-1346861056,-2693722112
32,38,45,-1342937880,-2685875760
32,38,46,-1329129344,-2658258688
32,38,47,-1304903272,-2609806544
32,38,48,-1269727488,-2539454976
32,38,49,-1223069816,-2446139632
32,38,50,-1164398080,-2328796160
32,38,51,-1093180104,-2186360208
32,38,52,-1008883712,-2017767424
32,38,53,-910976728,-1821953456
32,38,54,-798926976,-1597853952
32,38,55,-672202280,-1344404560
32,38,56,-530270464,-1060540928
32,38,57,-372599352,-745198704
32,38,58,-198656768,-397313536
32,38,59,-7910536,-15821072
32,38,60,200171520,400343040
32,38,61,426121576,852243152
32,38,62,670471808,1340943616
32,38,63,933754392,1867508784
32,39,40,-1328006340,-2656012680
32,39,41,-1362824892,-2725649784
32,39,42,-1389722832,-2779445664
32,39,43,-1408146336,-2816292672
32,39,44,-1417541580,-2835083160
32,39,45,-1417354740,-2834709480
32,39,46,-1407031992,-2814063984
32,39,47,-1386019512,-2772039024
32,39,48,-1353763476,-2707526952
32,39,49,-1309710060,-2619420120
32,39,50,-1253305440,-2506610880
32,39,51,-1183995792,-2367991584
32,39,52,-1101227292,-2202454584
32,39,53,-1004446116,-2008892232
32,39,54,-893098440,-1786196880
32,39,55,-766630440,-1533260880
32,39,56,-624488292,-1248976584
32,39,57,-466118172,-932236344
32,39,58,-290966256,-581932512
32,39,59,-98478720,-196957440
32,39,60,111898260,223796520
32,39,61,340718508,681437016
32,39,62,588535848,1177071696
32,39,63,855904104,1711808208
32,40,41,-1413944780,-2827889560
32,40,42,-1445068800,-2890137600
32,40,43,-1467528180,-2935056360
32,40,44,-1480747040,-2961494080
32,40,45,-1484149500,-2968299000
32,40,46,-1477159680,-2954319360
32,40,47,-1459201700,-2918403400
32,40,48,-1429699680,-2859399360
32,40,49,-1388077740,-2776155480
32,40,50,-1333760000,-2667520000
32,40,51,-1266170580,-2532341160
32,40,52,-1184733600,-2369467200
32,40,53,-1088873180,-2177746360
32,40,54,-978013440,-1956026880
32,40,55,-851578500,-1703157000
32,40,56,-708992480,-1417984960
32,40,57,-549679500,-1099359000
32,40,58,-373063680,-746127360
32,40,59,-178569140,-357138280
32,40,60,34380000,68760000
32,40,61,266359620,532719240
32,40,62,517945600,1035891200
32,40,63,789713820,1579427640
32,41,42,-1492596720,-2985193440
32,41,43,-1518932084,-3037864168
32,41,44,-1535809252,-3071618504
32,41,45,-1542629880,-3085259760
32,41,46,-1538795624,-3077591248
32,41,47,-1523708140,-3047416280
32,41,48,-1496769084,-2993538168
32,41,49,-1457380112,-2914760224
32,41,50,-1404942880,-2809885760
32,41,51,-1338859044,-2677718088
32,41,52,-1258530260,-2517060520
32,41,53,-1163358184,-2326716368
32,41,54,-1052744472,-2105488944
32,41,55,-926090780,-1852181560
32,41,56,-782798764,-1565597528
32,41,57,-622270080,-1244540160
32,41,58,-443906384,-887812768
32,41,59,-247109332,-494218664
32,41,60,-31280580,-62561160
32,41,61,204178216,408356432
32,41,62,459865400,919730800
32,41,63,736379316,1472758632
32,42,43,-1561713552,-3123427104
32,42,44,-1582060032,-3164120064
32,42,45,-1592103600,-3184207200
32,42,46,-1591223040,-3182446080
32,42,47,-1578797136,-3157594272
32,42,48,-1554204672,-3108409344
32,42,49,-1516824432,-3033648864
32,42,50,-1466035200,-2932070400
32,42,51,-1401215760,-2802431520
32,42,52,-1321744896,-2643489792
32,42,53,-1227001392,-2454002784
32,42,54,-1116364032,-2232728064
32,42,55,-989211600,-1978423200
32,42,56,-844922880,-1689845760
32,42,57,-682876656,-1365753312
32,42,58,-502451712,-1004903424
32,42,59,-303026832,-606053664
32,42,60,-83980800,-167961600
32,42,61,155307600,310615200
32,42,62,415459584,830919168
32,42,63,697096368,1394192736
32,43,44,-1618831196,-3237662392
32,43,45,-1631878380,-3263756760
32,43,46,-1633725144,-3267450288
32,43,47,-1623726992,-3247453984
32,43,48,-1601239428,-3202478856
32,43,49,-1565617956,-3131235912
32,43,50,-1516218080,-3032436160
32,43,51,-1452395304,-2904790608
32,43,52,-1373505132,-2747010264
32,43,53,-1278903068,-2557806136
32,43,54,-1167944616,-2335889232
32,43,55,-1039985280,-2079970560
32,43,56,-894380564,-1788761128
32,43,57,-730485972,-1460971944
32,43,58,-547657008,-1095314016
32,43,59,-345249176,-690498352
32,43,60,-122617980,-245235960
32,43,61,120881076,241762152
32,43,62,385892488,771784976
32,43,63,673060752,1346121504
32,44,45,-1661261940,-3322523880
32,44,46,-1665585152,-3331170304
32,44,47,-1657756012,-3315512024
32,44,48,-1637106336,-3274212672
32,44,49,-1602967940,-3205935880
32,44,50,-1554672640,-3109345280
32,44,51,-1491552252,-2983104504
32,44,52,-1412938592,-2825877184
32,44,53,-1318163476,-2636326952
32,44,54,-1206558720,-2413117440
32,44,55,-1077456140,-2154912280
32,44,56,-930187552,-1860375104
32,44,57,-764084772,-1528169544
32,44,58,-578479616,-1156959232
32,44,59,-372703900,-745407800
32,44,60,-146089440,-292178880
32,44,61,102031948,204063896
32,44,62,372328448,744656896
32,44,63,665468244,1330936488
32,45,46,-1686086280,-3372172560
32,45,47,-1680142500,-3360285000
32,45,48,-1661038380,-3322076760
32,45,49,-1628081640,-3256163280
32,45,50,-1580580000,-3161160000
32,45,51,-1517841180,-3035682360
32,45,52,-1439172900,-2878345800
32,45,53,-1343882880,-2687765760
32,45,54,-1231278840,-2462557680
32,45,55,-1100668500,-2201337000
32,45,56,-951359580,-1902719160
32,45,57,-782659800,-1565319600
32,45,58,-593876880,-1187753760
32,45,59,-384318540,-768637080
32,45,60,-153292500,-306585000
32,45,61,99893520,199787040
32,45,62,375931800,751863600
32,45,63,675514620,1351029240
32,46,47,-1690144760,-3380289520
32,46,48,-1672268544,-3344537088
32,46,49,-1640166312,-3280332624
32,46,50,-1593121280,-3186242560
32,46,51,-1530416664,-3060833328
32,46,52,-1451335680,-2902671360
32,46,53,-1355161544,-2710323088
32,46,54,-1241177472,-2482354944
32,46,55,-1108666680,-2217333360
32,46,56,-956912384,-1913824768
32,46,57,-785197800,-1570395600
32,46,58,-592806144,-1185612288
32,46,59,-379020632,-758041264
32,46,60,-143124480,-286248960
32,46,61,115599096,231198192
32,46,62,397866880,795733760
32,46,63,704395656,1408791312
32,47,48,-1670029812,-3340059624
32,47,49,-1638429212,-3276858424
32,47,50,-1591477600,-3182955200
32,47,51,-1528433280,-3056866560
32,47,52,-1448554556,-2897109112
32,47,53,-1351099732,-2702199464
32,47,54,-1235327112,-2470654224
32,47,55,-1100495000,-2200990000
32,47,56,-945861700,-1891723400
32,47,57,-770685516,-1541371032
32,47,58,-574224752,-1148449504
32,47,59,-355737712,-711475424
32,47,60,-114482700,-228965400
32,47,61,150281980,300563960
32,47,62,439298024,878596048
32,47,63,753307128,1506614256
32,48,49,-1622077596,-3244155192
32,48,50,-1574830080,-3149660160
32,48,51,-1511045604,-3022091208
32,48,52,-1429957152,-2859914304
32,48,53,-1330797708,-2661595416
32,48,54,-1212800256,-2425600512
32,48,55,-1075197780,-2150395560
32,48,56,-917223264,-1834446528
32,48,57,-738109692,-1476219384
32,48,58,-537090048,-1074180096
32,48,59,-313397316,-626794632
32,48,60,-66264480,-132528960
32,48,61,205075476,410150952
32,48,62,501389568,1002779136
32,48,63,823444812,1646889624
32,49,50,-1542359840,-3084719680
32,49,51,-1477408212,-2954816424
32,49,52,-1394671092,-2789342184
32,49,53,-1293355736,-2586711472
32,49,54,-1172669400,-2345338800
32,49,55,-1031819340,-2063638680
32,49,56,-870012812,-1740025624
32,49,57,-686457072,-1372914144
32,49,58,-480359376,-960718752
32,49,59,-250926980,-501853960
32,49,60,2632860,5265720
32,49,61,281112888,562225776
32,49,62,585305848,1170611696
32,49,63,916004484,1832008968
32,50,51,-1426675680,-2853351360
32,50,52,-1341824000,-2683648000
32,50,53,-1237874080,-2475748160
32,50,54,-1114007040,-2228014080
32,50,55,-969404000,-1938808000
32,50,56,-803246080,-1606492160
32,50,57,-614714400,-1229428800
32,50,58,-402990080,-805980160
32,50,59,-167254240,-334508480
32,50,60,93312000,186624000
32,50,61,379527520,759055040
32,50,62,692211200,1384422400
32,50,63,1032181920,2064363840
32,51,52,-1270543500,-2541087000
32,51,53,-1163453004,-2326906008
32,51,54,-1035885672,-2071771344
32,51,55,-886996080,-1773992160
32,51,56,-715938804,-1431877608
32,51,57,-521868420,-1043736840
32,51,58,-303939504,-607879008
32,51,59,-61306632,-122613264
32,51,60,206875620,413751240
32,51,61,501452676,1002905352
32,51,62,823269960,1646539920
32,51,63,1173172896,2346345792
32,52,53,-1069192772,-2138385544
32,52,54,-937377792,-1874755584
32,52,55,-783639900,-1567279800
32,52,56,-607106720,-1214213440
32,52,57,-406905876,-813811752
32,52,58,-182164992,-364329984
32,52,59,67988308,135976616
32,52,60,344426400,688852800
32,52,61,648021660,1296043320
32,52,62,979646464,1959292928
32,52,63,1340173188,2680346376
32,53,54,-817555896,-1635111792
32,53,55,-658379780,-1316759560
32,53,56,-475765564,-951531128
32,53,57,-268813512,-537627024
32,53,58,-36623888,-73247776
32,53,59,221703044,443406088
32,53,60,507067020,1014134040
32,53,61,820367776,1640735552
32,53,62,1162505048,2325010096
32,53,63,1534378572,3068757144
32,54,55,-510260040,-1020520080
32,54,56,-320931072,-641862144
32,54,57,-106578072,-213156144
32,54,58,133726464,267452928
32,54,59,400910040,801820080
32,54,60,695900160,1391800320
32,54,61,1019624328,2039248656
32,54,62,1373010048,2746020096
32,54,63,1756984824,3513969648
32,55,56,-141618980,-283237960
32,55,57,80813700,161627400
32,55,58,329928720,659857440
32,55,59,606681760,1213363520
32,55,60,912028500,1824057000
32,55,61,1246924620,2493849240
32,55,62,1612325800,3224651600
32,55,63,2009187720,4018375440
32,56,57,294375060,588750120
32,56,58,553025536,1106051072
32,56,59,840090668,1680181336
32,56,60,1156554720,2313109440
32,56,61,1503401956,3006803912
32,56,62,1881616640,3763233280
32,56,63,2292183036,4584366072
32,57,58,804059568,1608119136
32,57,59,1102209228,2204418456
32,57,60,1430581500,2861163000
32,57,61,1790189640,3580379280
32,57,62,2182046904,4364093808
32,57,63,2607166548,5214333096
32,58,59,1394109904,2788219808
32,58,60,1735211520,3470423040
32,58,61,2108420976,4216841952
32,58,62,2514780928,5029561856
32,58,63,2955334032,5910668064
32,59,60,2071547460,4143094920
32,59,61,2459229268,4918458536
32,59,62,2880983048,5761966096
32,59,63,3337881264,6675762528
32,60,61,2843747820,5687495640
32,60,62,3281817600,6563635200
32,60,63,3756004020,7512008040
32,61,62,3718448920,7436897840
32,61,63,4210898076,8421796152
33,34,35,-926061840,-1852123680
33,34,36,-973120256,-1946240512
33,34,37,-1015278216,-2030556432
33,34,38,-1052065296,-2104130592
33,34,39,-1083011072,-2166022144
33,34,40,-1107645120,-2215290240
33,34,41,-1125497016,-2250994032
33,34,42,-1136096336,-2272192672
33,34,43,-1138972656,-2277945312
33,34,44,-1133655552,-2267311104
33,34,45,-1119674600,-2239349200
33,34,46,-1096559376,-2193118752
33,34,47,-1063839456,-2127678912
33,34,48,-1021044416,-2042088832
33,34,49,-967703832,-1935407664
33,34,50,-903347280,-1806694560
33,34,51,-827504336,-1655008672
33,34,52,-739704576,-1479409152
33,34,53,-639477576,-1278955152
33,34,54,-526352912,-1052705824
33,34,55,-399860160,-799720320
33,34,56,-259528896,-519057792
33,34,57,-104888696,-209777392
33,34,58,64530864,129061728
33,34,59,249200208,498400416
33,34,60,449589760,899179520
33,34,61,666169944,1332339888
33,34,62,899411184,1798822368
33,34,63,1149783904,2299567808
33,34,64,1417758528,2835517056
33,34,65,1703805480,3407610960
33,34,66,2008395184,4016790368
33,35,36,-1036702260,-2073404520
33,35,37,-1084870710,-2169741420
33,35,38,-1127616336,-2255232672
33,35,39,-1164447900,-2328895800
33,35,40,-1194874164,-2389748328
33,35,41,-1218403890,-2436807780
33,35,42,-1234545840,-2469091680
33,35,43,-1242808776,-2485617552
33,35,44,-1242701460,-2485402920
33,35,45,-1233732654,-2467465308
33,35,46,-1215411120,-2430822240
33,35,47,-1187245620,-2374491240
33,35,48,-1148744916,-2297489832
33,35,49,-1099417770,-2198835540
33,35,50,-1038772944,-2077545888
33,35,51,-966319200,-1932638400
33,35,52,-881565300,-1763130600
33,35,53,-784020006,-1568040012
33,35,54,-673192080,-1346384160
33,35,55,-548590284,-1097180568
33,35,56,-409723380,-819446760
33,35,57,-256100130,-512200260
33,35,58,-87229296,-174458592
33,35,59,97380360,194760720
33,35,60,298220076,596440152
33,35,61,515781090,1031562180
33,35,62,750554640,1501109280
33,35,63,1003031964,2006063928
33,35,64,1273704300,2547408600
33,35,65,1563062886,3126125772
33,35,66,1871598960,3743197920
33,36,37,-1150004384,-2300008768
33,36,38,-1198699560,-2397399120
33,36,39,-1241407516,-2482815032
33,36,40,-1277615780,-2555231560
33,36,41,-1306811880,-2613623760
33,36,42,-1328483344,-2656966688
33,36,43,-1342117700,-2684235400
33,36,44,-1347202476,-2694404952
33,36,45,-1343225200,-2686450400
33,36,46,-1329673400,-2659346800
33,36,47,-1306034604,-2612069208
33,36,48,-1271796340,-2543592680
33,36,49,-1226446136,-2452892272
33,36,50,-1169471520,-2338943040
33,36,51,-1100360020,-2200720040
33,36,52,-1018599164,-2037198328
33,36,53,-923676480,-1847352960
33,36,54,-815079496,-1630158992
33,36,55,-692295740,-1384591480
33,36,56,-554812740,-1109625480
33,36,57,-402118024,-804236048
33,36,58,-233699120,-467398240
33,36,59,-49043556,-98087112
33,36,60,152361140,304722280
33,36,61,371027440,742054880
33,36,62,607467816,1214935632
33,36,63,862194740,1724389480
33,36,64,1135720684,2271441368
33,36,65,1428558120,2857116240
33,36,66,1741219520,3482439040
33,37,38,-1264758768,-2529517536
33,37,39,-1313311226,-2626622452
33,37,40,-1355268360,-2710536720
33,37,41,-1390096044,-2780192088
33,37,42,-1417260152,-2834520304
33,37,43,-1436226558,-2872453116
33,37,44,-1446461136,-2892922272
33,37,45,-1447429760,-2894859520
33,37,46,-1438598304,-2877196608
33,37,47,-1419432642,-2838865284
33,37,48,-1389398648,-2778797296
33,37,49,-1347962196,-2695924392
33,37,50,-1294589160,-2589178320
33,37,51,-1228745414,-2457490828
33,37,52,-1149896832,-2299793664
33,37,53,-1057509288,-2115018576
33,37,54,-951048656,-1902097312
33,37,55,-829980810,-1659961620
33,37,56,-693771624,-1387543248
33,37,57,-541886972,-1083773944
33,37,58,-373792728,-747585456
33,37,59,-188954766,-377909532
33,37,60,13161040,26322080
33,37,61,233088816,466177632
33,37,62,471362688,942725376
33,37,63,728516782,1457033564
33,37,64,1005085224,2010170448
33,37,65,1301602140,2603204280
33,37,66,1618601656,3237203312
33,38,39,-1379580336,-2759160672
33,38,40,-1427230296,-2854460592
33,38,41,-1467631440,-2935262880
33,38,42,-1500227568,-3000455136
33,38,43,-1524462480,-3048924960
33,38,44,-1539779976,-3079559952
33,38,45,-1545623856,-3091247712
33,38,46,-1541437920,-3082875840
33,38,47,-1526665968,-3053331936
33,38,48,-1500751800,-3001503600
33,38,49,-1463139216,-2926278432
33,38,50,-1413272016,-2826544032
33,38,51,-1350594000,-2701188000
33,38,52,-1274548968,-2549097936
33,38,53,-1184580720,-2369161440
33,38,54,-1080133056,-2160266112
33,38,55,-960649776,-1921299552
33,38,56,-825574680,-1651149360
33,38,57,-674351568,-1348703136
33,38,58,-506424240,-1012848480
33,38,59,-321236496,-642472992
33,38,60,-118232136,-236464272
33,38,61,103145040,206290080
33,38,62,343451232,686902464
33,38,63,603242640,1206485280
33,38,64,883075464,1766150928
33,38,65,1183505904,2367011808
33,38,66,1505090160,3010180320
33,39,40,-1492899980,-2985799960
33,39,41,-1538793126,-3077586252
33,39,42,-1576736896,-3153473792
33,39,43,-1606152596,-3212305192
33,39,44,-1626461532,-3252923064
33,39,45,-1637085010,-3274170020
33,39,46,-1637444336,-3274888672
33,39,47,-1626960816,-3253921632
33,39,48,-1605055756,-3210111512
33,39,49,-1571150462,-3142300924
33,39,50,-1524666240,-3049332480
33,39,51,-1465024396,-2930048792
33,39,52,-1391646236,-2783292472
33,39,53,-1303953066,-2607906132
33,39,54,-1201366192,-2402732384
33,39,55,-1083306920,-2166613840
33,39,56,-949196556,-1898393112
33,39,57,-798456406,-1596912812
33,39,58,-630507776,-1261015552
33,39,59,-444771972,-889543944
33,39,60,-240670300,-481340600
33,39,61,-17624066,-35248132
33,39,62,224945424,449890848
33,39,63,487616864,975233728
33,39,64,770968948,1541937896
33,39,65,1075580370,2151160740
33,39,66,1402029824,2804059648
33,40,41,-1602956160,-3205912320
33,40,42,-1646139440,-3292278880
33,40,43,-1680624036,-3361248072
33,40,44,-1705808340,-3411616680
33,40,45,-1721090744,-3442181488
33,40,46,-1725869640,-3451739280
33,40,47,-1719543420,-3439086840
33,40,48,-1701510476,-3403020952
33,40,49,-1671169200,-3342338400
33,40,50,-1627917984,-3255835968
33,40,51,-1571155220,-3142310440
33,40,52,-1500279300,-3000558600
33,40,53,-1414688616,-2829377232
33,40,54,-1313781560,-2627563120
33,40,55,-1196956524,-2393913048
33,40,56,-1063611900,-2127223800
33,40,57,-913146080,-1826292160
33,40,58,-744957456,-1489914912
33,40,59,-558444420,-1116888840
33,40,60,-353005364,-706010728
33,40,61,-128038680,-256077360
33,40,62,117057240,234114480
33,40,63,382884004,765768008
33,40,64,670043220,1340086440
33,40,65,979136496,1958272992
33,40,66,1310765440,2621530880
33,41,42,-1707786504,-3415573008
33,41,43,-1747203930,-3494407860
33,41,44,-1777122936,-3554245872
33,41,45,-1796918580,-3593837160
33,41,46,-1805965920,-3611931840
33,41,47,-1803640014,-3607280028
33,41,48,-1789315920,-3578631840
33,41,49,-1762368696,-3524737392
33,41,50,-1722173400,-3444346800
33,41,51,-1668105090,-3336210180
33,41,52,-1599538824,-3199077648
33,41,53,-1515849660,-3031699320
33,41,54,-1416412656,-2832825312
33,41,55,-1300602870,-2601205740
33,41,56,-1167795360,-2335590720
33,41,57,-1017365184,-2034730368
33,41,58,-848687400,-1697374800
33,41,59,-661137066,-1322274132
33,41,60,-454089240,-908178480
33,41,61,-226918980,-453837960
33,41,62,20998656,41997312
33,41,63,290288610,580577220
33,41,64,581575824,1163151648
33,41,65,895485240,1790970480
33,41,66,1232641800,2465283600
33,42,43,-1805219408,-3610438816
33,42,44,-1839707856,-3679415712
33,42,45,-1863846040,-3727692080
33,42,46,-1876985264,-3753970528
33,42,47,-1878476832,-3756953664
33,42,48,-1867672048,-3735344096
33,42,49,-1843922216,-3687844432
33,42,50,-1806578640,-3613157280
33,42,51,-1754992624,-3509985248
33,42,52,-1688515472,-3377030944
33,42,53,-1606498488,-3212996976
33,42,54,-1508292976,-3016585952
33,42,55,-1393250240,-2786500480
33,42,56,-1260721584,-2521443168
33,42,57,-1110058312,-2220116624
33,42,58,-940611728,-1881223456
33,42,59,-751733136,-1503466272
33,42,60,-542773840,-1085547680
33,42,61,-313085144,-626170288
33,42,62,-62018352,-124036704
33,42,63,211075232,422150464
33,42,64,506844304,1013688608
33,42,65,825937560,1651875120
33,42,66,1169003696,2338007392
33,43,44,-1892865636,-3785731272
33,43,45,-1921150646,-3842301292
33,43,46,-1938179760,-3876359520
33,43,47,-1943280108,-3886560216
33,43,48,-1935778820,-3871557640
33,43,49,-1915003026,-3830006052
33,43,50,-1880279856,-3760559712
33,43,51,-1830936440,-3661872880
33,43,52,-1766299908,-3532599816
33,43,53,-1685697390,-3371394780
33,43,54,-1588456016,-3176912032
33,43,55,-1473902916,-2947805832
33,43,56,-1341365220,-2682730440
33,43,57,-1190170058,-2380340116
33,43,58,-1019644560,-2039289120
33,43,59,-829115856,-1658231712
33,43,60,-617911076,-1235822152
33,43,61,-385357350,-770714700
33,43,62,-130781808,-261563616
33,43,63,146488420,292976840
33,43,64,447126204,894252408
33,43,65,771804414,1543608828
33,43,66,1121195920,2242391840
33,44,45,-1968109920,-3936219840
33,44,46,-1988801496,-3977602992
33,44,47,-1997276076,-3994552152
33,44,48,-1992836196,-3985672392
33,44,49,-1974784392,-3949568784
33,44,50,-1942423200,-3884846400
33,44,51,-1895055156,-3790110312
33,44,52,-1831982796,-3663965592
33,44,53,-1752508656,-3505017312
33,44,54,-1655935272,-3311870544
33,44,55,-1541565180,-3083130360
33,44,56,-1408700916,-2817401832
33,44,57,-1256645016,-2513290032
33,44,58,-1084700016,-2169400032
33,44,59,-892168452,-1784336904
33,44,60,-678352860,-1356705720
33,44,61,-442555776,-885111552
33,44,62,-184079736,-368159472
33,44,63,97772724,195545448
33,44,64,403699068,807398136
33,44,65,734396760,1468793520
33,44,66,1090563264,2181126528
33,45,46,-2028102560,-4056205120
33,45,47,-2039690970,-4079381940
33,45,48,-2038044136,-4076088272
33,45,49,-2022439580,-4044879160
33,45,50,-1992154824,-3984309648
33,45,51,-1946467390,-3892934780
33,45,52,-1884654800,-3769309600
33,45,53,-1805994576,-3611989152
33,45,54,-1709764240,-3419528480
33,45,55,-1595241314,-3190482628
33,45,56,-1461703320,-2923406640
33,45,57,-1308427780,-2616855560
33,45,58,-1134692216,-2269384432
33,45,59,-939774150,-1879548300
33,45,60,-722951104,-1445902208
33,45,61,-483500600,-967001200
33,45,62,-220700160,-441400320
33,45,63,66172694,132345388
33,45,64,377840440,755680880
33,45,65,715025556,1430051112
33,45,66,1078450520,2156901040
33,46,47,-2069751024,-4139502048
33,46,48,-2070602600,-4141205200
33,46,49,-2057141856,-4114283712
33,46,50,-2028620880,-4057241760
33,46,51,-1984291760,-3968583520
33,46,52,-1923406584,-3846813168
33,46,53,-1845217440,-3690434880
33,46,54,-1748976416,-3497952832
33,46,55,-1633935600,-3267871200
33,46,56,-1499347080,-2998694160
33,46,57,-1344462944,-2688925888
33,46,58,-1168535280,-2337070560
33,46,59,-970816176,-1941632352
33,46,60,-750557720,-1501115440
33,46,61,-507012000,-1014024000
33,46,62,-239431104,-478862208
33,46,63,52932880,105865760
33,46,64,370827864,741655728
33,46,65,715001760,1430003520
33,46,66,1086202480,2172404960
33,47,48,-2089711548,-4179423096
33,47,49,-2078064486,-4156128972
33,47,50,-2050967520,-4101935040
33,47,51,-2007646884,-4015293768
33,47,52,-1947328812,-3894657624
33,47,53,-1869239538,-3738479076
33,47,54,-1772605296,-3545210592
33,47,55,-1656652320,-3313304640
33,47,56,-1520606844,-3041213688
33,47,57,-1363695102,-2727390204
33,47,58,-1185143328,-2370286656
33,47,59,-984177756,-1968355512
33,47,60,-760024620,-1520049240
33,47,61,-511910154,-1023820308
33,47,62,-239060592,-478121184
33,47,63,59297832,118595664
33,47,64,383938884,767877768
33,47,65,735636330,1471272660
33,47,66,1115163936,2230327872
33,48,49,-2084380736,-4168761472
33,48,50,-2058340896,-4116681792
33,48,51,-2015651380,-4031302760
33,48,52,-1955512148,-3911024296
33,48,53,-1877123160,-3754246320
33,48,54,-1779684376,-3559368752
33,48,55,-1662395756,-3324791512
33,48,56,-1524457260,-3048914520
33,48,57,-1365068848,-2730137696
33,48,58,-1183430480,-2366860960
33,48,59,-978742116,-1957484232
33,48,60,-750203716,-1500407432
33,48,61,-497015240,-994030480
33,48,62,-218376648,-436753296
33,48,63,86512100,173024200
33,48,64,418451044,836902088
33,48,65,778240224,1556480448
33,48,66,1166679680,2333359360
33,49,50,-2049887160,-4099774320
33,49,51,-2007423866,-4014847732
33,49,52,-1947047256,-3894094512
33,49,53,-1867930596,-3735861192
33,49,54,-1769247152,-3538494304
33,49,55,-1650170190,-3300340380
33,49,56,-1509872976,-3019745952
33,49,57,-1347528776,-2695057552
33,49,58,-1162310856,-2324621712
33,49,59,-953392482,-1906784964
33,49,60,-719946920,-1439893840
33,49,61,-461147436,-922294872
33,49,62,-176167296,-352334592
33,49,63,135820234,271640468
33,49,64,475641888,951283776
33,49,65,844124400,1688248800
33,49,66,1242094504,2484189008
33,50,51,-1982082960,-3964165920
33,50,52,-1921024800,-3842049600
33,50,53,-1840724136,-3681448272
33,50,54,-1740327120,-3480654240
33,50,55,-1618979904,-3237959808
33,50,56,-1475828640,-2951657280
33,50,57,-1310019480,-2620038960
33,50,58,-1120698576,-2241397152
33,50,59,-907012080,-1814024160
33,50,60,-668106144,-1336212288
33,50,61,-403126920,-806253840
33,50,62,-111220560,-222441120
33,50,63,208466784,416933568
33,50,64,556788960,1113577920
33,50,65,934599816,1869199632
33,50,66,1342753200,2685506400
33,51,52,-1876535444,-3753070888
33,51,53,-1794566070,-3589132140
33,51,54,-1691957776,-3383915552
33,51,55,-1567829180,-3135658360
33,51,56,-1421298900,-2842597800
33,51,57,-1251485554,-2502971108
33,51,58,-1057507760,-2115015520
33,51,59,-838484136,-1676968272
33,51,60,-593533300,-1187066600
33,51,61,-321773870,-643547740
33,51,62,-22324464,-44648928
33,51,63,305696300,611392600
33,51,64,663169804,1326339608
33,51,65,1050977430,2101954860
33,51,66,1470000560,2940001120
33,52,53,-1728518688,-3457037376
33,52,54,-1623172616,-3246345232
33,52,55,-1495722300,-2991444600
33,52,56,-1345258404,-2690516808
33,52,57,-1170871592,-2341743184
33,52,58,-971652528,-1943305056
33,52,59,-746691876,-1493383752
33,52,60,-495080300,-990160600
33,52,61,-215908464,-431816928
33,52,62,91732968,183465936
33,52,63,428753332,857506664
33,52,64,796061964,1592123928
33,52,65,1194568200,2389136400
33,52,66,1625181376,3250362752
33,53,54,-1533005136,-3066010272
33,53,55,-1401663546,-2803327092
33,53,56,-1246681800,-2493363600
33,53,57,-1067122188,-2134244376
33,53,58,-862047000,-1724094000
33,53,59,-630518526,-1261037052
33,53,60,-371599056,-743198112
33,53,61,-84350880,-168701760
33,53,62,232163712,464327424
33,53,63,578882430,1157764860
33,53,64,956742984,1913485968
33,53,65,1366683084,2733366168
33,53,66,1809640440,3619280880
33,54,55,-1284657200,-2569314400
33,54,56,-1124543736,-2249087472
33,54,57,-939181936,-1878363872
33,54,58,-727605296,-1455210592
33,54,59,-488847312,-977694624
33,54,60,-221941480,-443882960
33,54,61,74078704,148157408
33,54,62,400179744,800359488
33,54,63,757328144,1514656288
33,54,64,1146490408,2292980816
33,54,65,1568633040,3137266080
33,54,66,2024722544,4049445088
33,55,56,-977818860,-1955637720
33,55,57,-785995430,-1571990860
33,55,58,-567241536,-1134483072
33,55,59,-320561460,-641122920
33,55,60,-44959484,-89918968
33,55,61,260560110,521120220
33,55,62,596993040,1193986080
33,55,63,965335024,1930670048
33,55,64,1366581780,2733163560
33,55,65,1801729026,3603458052
33,55,66,2271772480,4543544960
33,56,57,-606507264,-1213014528
33,56,58,-379869840,-759739680
33,56,59,-124544196,-249088392
33,56,60,160495020,320990040
33,56,61,476273160,952546320
33,56,62,823815576,1647631152
33,56,63,1204147620,2408295240
33,56,64,1618294644,3236589288
33,56,65,2067282000,4134564000
33,56,66,2552135040,5104270080
33,57,58,-164404328,-328808656
33,57,59,100321254,200642508
33,57,60,395570120,791140240
33,57,61,722397676,1444795352
33,57,62,1081859328,2163718656
33,57,63,1475010482,2950020964
33,57,64,1902906544,3805813088
33,57,65,2366602920,4733205840
33,57,66,2867155016,5734310032
33,58,59,355151664,710303328
33,58,60,661413904,1322827808
33,58,61,1000113480,2000226960
33,58,62,1372336272,2744672544
33,58,63,1779168160,3558336320
33,58,64,2221695024,4443390048
33,58,65,2701002744,5402005488
33,58,66,3218177200,6436354400
33,59,60,959174460,1918348920
33,59,61,1310600394,2621200788
33,59,62,1696458384,3392916768
33,59,63,2117865204,4235730408
33,59,64,2575937628,5151875256
33,59,65,3071792430,6143584860
33,59,66,3606546384,7213092768
33,60,61,1655038240,3310076480
33,60,62,2055437640,4110875280
33,60,63,2492346164,4984692328
33,60,64,2966911900,5933823800
33,60,65,3480282936,6960565872
33,60,66,4033607360,8067214720
33,61,62,2450486016,4900972032
33,61,63,2903855590,5807711180
33,61,64,3395895384,6791790768
33,61,65,3927785220,7855570440
33,61,66,4500704920,9001409840
33,62,63,3353638032,6707276064
33,62,64,3864165624,7728331248
33,62,65,4415610240,8831220480
33,62,66,5009183856,10018367712
33,63,64,4373000164,8746000328
33,63,65,4945068954,9890137908
33,63,66,5560388960,11120777920
34,35,36,-1120909824,-2241819648
34,35,37,-1176698880,-2353397760
34,35,38,-1227052400,-2454104800
34,35,39,-1271457144,-2542914288
34,35,40,-1309399872,-2618799744
34,35,41,-1340367344,-2680734688
34,35,42,-1363846320,-2727692640
34,35,43,-1379323560,-2758647120
34,35,44,-1386285824,-2772571648
34,35,45,-1384219872,-2768439744
34,35,46,-1372612464,-2745224928
34,35,47,-1350950360,-2701900720
34,35,48,-1318720320,-2637440640
34,35,49,-1275409104,-2550818208
34,35,50,-1220503472,-2441006944
34,35,51,-1153490184,-2306980368
34,35,52,-1073856000,-2147712000
34,35,53,-981087680,-1962175360
34,35,54,-874671984,-1749343968
34,35,55,-754095672,-1508191344
34,35,56,-618845504,-1237691008
34,35,57,-468408240,-936816480
34,35,58,-302270640,-604541280
34,35,59,-119919464,-239838928
34,35,60,79158528,158317056
34,35,61,295476576,590953152
34,35,62,529547920,1059095840
34,35,63,781885800,1563771600
34,35,64,1053003456,2106006912
34,35,65,1343414128,2686828256
34,35,66,1653631056,3307262112
34,35,67,1984167480,3968334960
34,35,68,2335536640,4671073280
34,36,37,-1251117312,-2502234624
34,36,38,-1308289536,-2616579072
34,36,39,-1359460352,-2718920704
34,36,40,-1404094464,-2808188928
34,36,41,-1441656576,-2883313152
34,36,42,-1471611392,-2943222784
34,36,43,-1493423616,-2986847232
34,36,44,-1506557952,-3013115904
34,36,45,-1510479104,-3020958208
34,36,46,-1504651776,-3009303552
34,36,47,-1488540672,-2977081344
34,36,48,-1461610496,-2923220992
34,36,49,-1423325952,-2846651904
34,36,50,-1373151744,-2746303488
34,36,51,-1310552576,-2621105152
34,36,52,-1234993152,-2469986304
34,36,53,-1145938176,-2291876352
34,36,54,-1042852352,-2085704704
34,36,55,-925200384,-1850400768
34,36,56,-792446976,-1584893952
34,36,57,-644056832,-1288113664
34,36,58,-479494656,-958989312
34,36,59,-298225152,-596450304
34,36,60,-99713024,-199426048
34,36,61,116577024,233154048
34,36,62,351180288,702360576
34,36,63,604632064,1209264128
34,36,64,877467648,1754935296
34,36,65,1170222336,2340444672
34,36,66,1483431424,2966862848
34,36,67,1817630208,3635260416
34,36,68,2173353984,4346707968
34,37,38,-1384581456,-2769162912
34,37,39,-1442511600,-2885023200
34,37,40,-1493830080,-2987660160
34,37,41,-1537979112,-3075958224
34,37,42,-1574400912,-3148801824
34,37,43,-1602537696,-3205075392
34,37,44,-1621831680,-3243663360
34,37,45,-1631725080,-3263450160
34,37,46,-1631660112,-3263320224
34,37,47,-1621078992,-3242157984
34,37,48,-1599423936,-3198847872
34,37,49,-1566137160,-3132274320
34,37,50,-1520660880,-3041321760
34,37,51,-1462437312,-2924874624
34,37,52,-1390908672,-2781817344
34,37,53,-1305517176,-2611034352
34,37,54,-1205705040,-2411410080
34,37,55,-1090914480,-2181828960
34,37,56,-960587712,-1921175424
34,37,57,-814166952,-1628333904
34,37,58,-651094416,-1302188832
34,37,59,-470812320,-941624640
34,37,60,-272762880,-545525760
34,37,61,-56388312,-112776624
34,37,62,178869168,357738336
34,37,63,433567344,867134688
34,37,64,708264000,1416528000
34,37,65,1003516920,2007033840
34,37,66,1319883888,2639767776
34,37,67,1657922688,3315845376
34,37,68,2018191104,4036382208
34,38,39,-1520006832,-3040013664
34,38,40,-1577978880,-3155957760
34,38,41,-1628682896,-3257365792
34,38,42,-1671538176,-3343076352
34,38,43,-1705964016,-3411928032
34,38,44,-1731379712,-3462759424
34,38,45,-1747204560,-3494409120
34,38,46,-1752857856,-3505715712
34,38,47,-1747758896,-3495517792
34,38,48,-1731326976,-3462653952
34,38,49,-1702981392,-3405962784
34,38,50,-1662141440,-3324282880
34,38,51,-1608226416,-3216452832
34,38,52,-1540655616,-3081311232
34,38,53,-1458848336,-2917696672
34,38,54,-1362223872,-2724447744
34,38,55,-1250201520,-2500403040
34,38,56,-1122200576,-2244401152
34,38,57,-977640336,-1955280672
34,38,58,-815940096,-1631880192
34,38,59,-636519152,-1273038304
34,38,60,-438796800,-877593600
34,38,61,-222192336,-444384672
34,38,62,13874944,27749888
34,38,63,269985744,539971488
34,38,64,546720768,1093441536
34,38,65,844660720,1689321440
34,38,66,1164386304,2328772608
34,38,67,1506478224,3012956448
34,38,68,1871517184,3743034368
34,39,40,-1655913024,-3311826048
34,39,41,-1713115872,-3426231744
34,39,42,-1762346480,-3524692960
34,39,43,-1803000792,-3606001584
34,39,44,-1834474752,-3668949504
34,39,45,-1856164304,-3712328608
34,39,46,-1867465392,-3734930784
34,39,47,-1867773960,-3735547920
34,39,48,-1856485952,-3712971904
34,39,49,-1832997312,-3665994624
34,39,50,-1796703984,-3593407968
34,39,51,-1747001912,-3494003824
34,39,52,-1683287040,-3366574080
34,39,53,-1604955312,-3209910624
34,39,54,-1511402672,-3022805344
34,39,55,-1402025064,-2804050128
34,39,56,-1276218432,-2552436864
34,39,57,-1133378720,-2266757440
34,39,58,-972901872,-1945803744
34,39,59,-794183832,-1588367664
34,39,60,-596620544,-1193241088
34,39,61,-379607952,-759215904
34,39,62,-142542000,-285084000
34,39,63,115181368,230362736
34,39,64,394166208,788332416
34,39,65,695016576,1390033152
34,39,66,1018336528,2036673056
34,39,67,1364730120,2729460240
34,39,68,1734801408,3469602816
34,40,41,-1790625984,-3581251968
34,40,42,-1846149120,-3692298240
34,40,43,-1892946240,-3785892480
34,40,44,-1930389504,-3860779008
34,40,45,-1957851072,-3915702144
34,40,46,-1974703104,-3949406208
34,40,47,-1980317760,-3960635520
34,40,48,-1974067200,-3948134400
34,40,49,-1955323584,-3910647168
34,40,50,-1923459072,-3846918144
34,40,51,-1877845824,-3755691648
34,40,52,-1817856000,-3635712000
34,40,53,-1742861760,-3485723520
34,40,54,-1652235264,-3304470528
34,40,55,-1545348672,-3090697344
34,40,56,-1421574144,-2843148288
34,40,57,-1280283840,-2560567680
34,40,58,-1120849920,-2241699840
34,40,59,-942644544,-1885289088
34,40,60,-745039872,-1490079744
34,40,61,-527408064,-1054816128
34,40,62,-289121280,-578242560
34,40,63,-29551680,-59103360
34,40,64,251928576,503857152
34,40,65,555947328,1111894656
34,40,66,883132416,1766264832
34,40,67,1234111680,2468223360
34,40,68,1609512960,3219025920
34,41,42,-1922269392,-3844538784
34,41,43,-1975098576,-3950197152
34,41,44,-2018396672,-4036793344
34,41,45,-2051511624,-4103023248
34,41,46,-2073791376,-4147582752
34,41,47,-2084583872,-4169167744
34,41,48,-2083237056,-4166474112
34,41,49,-2069098872,-4138197744
34,41,50,-2041517264,-4083034528
34,41,51,-1999840176,-3999680352
34,41,52,-1943415552,-3886831104
34,41,53,-1871591336,-3743182672
34,41,54,-1783715472,-3567430944
34,41,55,-1679135904,-3358271808
34,41,56,-1557200576,-3114401152
34,41,57,-1417257432,-2834514864
34,41,58,-1258654416,-2517308832
34,41,59,-1080739472,-2161478944
34,41,60,-882860544,-1765721088
34,41,61,-664365576,-1328731152
34,41,62,-424602512,-849205024
34,41,63,-162919296,-325838592
34,41,64,121336128,242672256
34,41,65,428815816,857631632
34,41,66,760171824,1520343648
34,41,67,1116056208,2232112416
34,41,68,1497121024,2994242048
34,42,43,-2048756016,-4097512032
34,42,44,-2097768960,-4195537920
34,42,45,-2136392720,-4272785440
34,42,46,-2163950592,-4327901184
34,42,47,-2179765872,-4359531744
34,42,48,-2183161856,-4366323712
34,42,49,-2173461840,-4346923680
34,42,50,-2149989120,-4299978240
34,42,51,-2112066992,-4224133984
34,42,52,-2059018752,-4118037504
34,42,53,-1990167696,-3980335392
34,42,54,-1904837120,-3809674240
34,42,55,-1802350320,-3604700640
34,42,56,-1682030592,-3364061184
34,42,57,-1543201232,-3086402464
34,42,58,-1385185536,-2770371072
34,42,59,-1207306800,-2414613600
34,42,60,-1008888320,-2017776640
34,42,61,-789253392,-1578506784
34,42,62,-547725312,-1095450624
34,42,63,-283627376,-567254752
34,42,64,3717120,7434240
34,42,65,314984880,629969760
34,42,66,650852608,1301705216
34,42,67,1011997008,2023994016
34,42,68,1399094784,2798189568
34,43,44,-2167779072,-4335558144
34,43,45,-2211741120,-4423482240
34,43,46,-2244401136,-4488802272
34,43,47,-2265057336,-4530114672
34,43,48,-2273007936,-4546015872
34,43,49,-2267551152,-4535102304
34,43,50,-2247985200,-4495970400
34,43,51,-2213608296,-4427216592
34,43,52,-2163718656,-4327437312
34,43,53,-2097614496,-4195228992
34,43,54,-2014594032,-4029188064
34,43,55,-1913955480,-3827910960
34,43,56,-1794997056,-3589994112
34,43,57,-1657016976,-3314033952
34,43,58,-1499313456,-2998626912
34,43,59,-1321184712,-2642369424
34,43,60,-1121928960,-2243857920
34,43,61,-900844416,-1801688832
34,43,62,-657229296,-1314458592
34,43,63,-390381816,-780763632
34,43,64,-99600192,-199200384
34,43,65,215817360,431634720
34,43,66,556572624,1113145248
34,43,67,923367384,1846734768
34,43,68,1316903424,2633806848
34,44,45,-2276803584,-4553607168
34,44,46,-2314363392,-4628726784
34,44,47,-2339651840,-4679303680
34,44,48,-2351941632,-4703883264
34,44,49,-2350505472,-4701010944
34,44,50,-2334616064,-4669232128
34,44,51,-2303546112,-4607092224
34,44,52,-2256568320,-4513136640
34,44,53,-2192955392,-4385910784
34,44,54,-2111980032,-4223960064
34,44,55,-2012914944,-4025829888
34,44,56,-1895032832,-3790065664
34,44,57,-1757606400,-3515212800
34,44,58,-1599908352,-3199816704
34,44,59,-1421211392,-2842422784
34,44,60,-1220788224,-2441576448
34,44,61,-997911552,-1995823104
34,44,62,-751854080,-1503708160
34,44,63,-481888512,-963777024
34,44,64,-187287552,-374575104
34,44,65,132676096,265352192
34,44,66,478729728,957459456
34,44,67,851600640,1703201280
34,44,68,1252016128,2504032256
34,45,46,-2373057744,-4746115488
34,45,47,-2402742960,-4805485920
34,45,48,-2419129280,-4838258560
34,45,49,-2421463464,-4842926928
34,45,50,-2408992272,-4817984544
34,45,51,-2380962464,-4761924928
34,45,52,-2336620800,-4673241600
34,45,53,-2275214040,-4550428080
34,45,54,-2195988944,-4391977888
34,45,55,-2098192272,-4196384544
34,45,56,-1981070784,-3962141568
34,45,57,-1843871240,-3687742480
34,45,58,-1685840400,-3371680800
34,45,59,-1506225024,-3012450048
34,45,60,-1304271872,-2608543744
34,45,61,-1079227704,-2158455408
34,45,62,-830339280,-1660678560
34,45,63,-556853360,-1113706720
34,45,64,-258016704,-516033408
34,45,65,66923928,133847856
34,45,66,418721776,837443552
34,45,67,798130080,1596260160
34,45,68,1205902080,2411804160
34,46,47,-2453524272,-4907048544
34,46,48,-2473737216,-4947474432
34,46,49,-2479563792,-4959127584
34,46,50,-2470224384,-4940448768
34,46,51,-2444939376,-4889878752
34,46,52,-2402929152,-4805858304
34,46,53,-2343414096,-4686828192
34,46,54,-2265614592,-4531229184
34,46,55,-2168751024,-4337502048
34,46,56,-2052043776,-4104087552
34,46,57,-1914713232,-3829426464
34,46,58,-1755979776,-3511959552
34,46,59,-1575063792,-3150127584
34,46,60,-1371185664,-2742371328
34,46,61,-1143565776,-2287131552
34,46,62,-891424512,-1782849024
34,46,63,-613982256,-1227964512
34,46,64,-310459392,-620918784
34,46,65,19923696,39847392
34,46,66,377946624,755893248
34,46,67,764389008,1528778016
34,46,68,1180030464,2360060928
34,47,48,-2514931776,-5029863552
34,47,49,-2523945120,-5047890240
34,47,50,-2517422960,-5034845920
34,47,51,-2494558872,-4989117744
34,47,52,-2454546432,-4909092864
34,47,53,-2396579216,-4793158432
34,47,54,-2319850800,-4639701600
34,47,55,-2223554760,-4447109520
34,47,56,-2106884672,-4213769344
34,47,57,-1969034112,-3938068224
34,47,58,-1809196656,-3618393312
34,47,59,-1626565880,-3253131760
34,47,60,-1420335360,-2840670720
34,47,61,-1189698672,-2379397344
34,47,62,-933849392,-1867698784
34,47,63,-651981096,-1303962192
34,47,64,-343287360,-686574720
34,47,65,-6961760,-13923520
34,47,66,357802128,715604256
34,47,67,751810728,1503621456
34,47,68,1175870464,2351740928
34,48,49,-2553746112,-5107492224
34,48,50,-2549698560,-5099397120
34,48,51,-2528902976,-5057805952
34,48,52,-2490525696,-4981051392
34,48,53,-2433733056,-4867466112
34,48,54,-2357691392,-4715382784
34,48,55,-2261567040,-4523134080
34,48,56,-2144526336,-4289052672
34,48,57,-2005735616,-4011471232
34,48,58,-1844361216,-3688722432
34,48,59,-1659569472,-3319138944
34,48,60,-1450526720,-2901053440
34,48,61,-1216399296,-2432798592
34,48,62,-956353536,-1912707072
34,48,63,-669555776,-1339111552
34,48,64,-355172352,-710344704
34,48,65,-12369600,-24739200
34,48,66,359686144,719372288
34,48,67,761828544,1523657088
34,48,68,1194891264,2389782528
34,49,50,-2566161744,-5132323488
34,49,51,-2547053712,-5094107424
34,49,52,-2509920000,-5019840000
34,49,53,-2453899272,-4907798544
34,49,54,-2378130192,-4756260384
34,49,55,-2281751424,-4563502848
34,49,56,-2163901632,-4327803264
34,49,57,-2023719480,-4047438960
34,49,58,-1860343632,-3720687264
34,49,59,-1672912752,-3345825504
34,49,60,-1460565504,-2921131008
34,49,61,-1222440552,-2444881104
34,49,62,-957676560,-1915353120
34,49,63,-665412192,-1330824384
34,49,64,-344786112,-689572224
34,49,65,5063016,10126032
34,49,66,384996528,769993056
34,49,67,795875760,1591751520
34,49,68,1238562048,2477124096
34,50,51,-2548093104,-5096186208
34,50,52,-2511782400,-5023564800
34,50,53,-2456101520,-4912203040
34,50,54,-2380161024,-4760322048
34,50,55,-2283071472,-4566142944
34,50,56,-2163943424,-4327886848
34,50,57,-2021887440,-4043774880
34,50,58,-1856014080,-3712028160
34,50,59,-1665433904,-3330867808
34,50,60,-1449257472,-2898514944
34,50,61,-1206595344,-2413190688
34,50,62,-936558080,-1873116160
34,50,63,-638256240,-1276512480
34,50,64,-310800384,-621600768
34,50,65,46698928,93397856
34,50,66,435131136,870262272
34,50,67,855385680,1710771360
34,50,68,1308352000,2616704000
34,51,52,-2495165952,-4990331904
34,51,53,-2439363456,-4878726912
34,51,54,-2362777712,-4725555424
34,51,55,-2264490744,-4528981488
34,51,56,-2143584576,-4287169152
34,51,57,-1999141232,-3998282464
34,51,58,-1830242736,-3660485472
34,51,59,-1635971112,-3271942224
34,51,60,-1415408384,-2830816768
34,51,61,-1167636576,-2335273152
34,51,62,-891737712,-1783475424
34,51,63,-586793816,-1173587632
34,51,64,-251886912,-503773824
34,51,65,113900976,227801952
34,51,66,511487824,1022975648
34,51,67,941791608,1883583216
34,51,68,1405730304,2811460608
34,52,53,-2402708736,-4805417472
34,52,54,-2324974080,-4649948160
34,52,55,-2224972800,-4449945600
34,52,56,-2101757952,-4203515904
34,52,57,-1954382592,-3908765184
34,52,58,-1781899776,-3563799552
34,52,59,-1583362560,-3166725120
34,52,60,-1357824000,-2715648000
34,52,61,-1104337152,-2208674304
34,52,62,-821955072,-1643910144
34,52,63,-509730816,-1019461632
34,52,64,-166717440,-333434880
34,52,65,208032000,416064000
34,52,66,615464448,1230928896
34,52,67,1056526848,2113053696
34,52,68,1532166144,3064332288
34,53,54,-2265743952,-4531487904
34,53,55,-2163481200,-4326962400
34,53,56,-2037396416,-4074792832
34,53,57,-1886513256,-3773026512
34,53,58,-1709855376,-3419710752
34,53,59,-1506446432,-3012892864
34,53,60,-1275310080,-2550620160
34,53,61,-1015469976,-2030939952
34,53,62,-725949776,-1451899552
34,53,63,-405773136,-811546272
34,53,64,-53963712,-107927424
34,53,65,330454840,660909680
34,53,66,748458864,1496917728
34,53,67,1201024704,2402049408
34,53,68,1689128704,3378257408
34,54,55,-2078979504,-4157959008
34,54,56,-1949432832,-3898865664
34,54,57,-1794434960,-3588869920
34,54,58,-1612979712,-3225959424
34,54,59,-1404060912,-2808121824
34,54,60,-1166672384,-2333344768
34,54,61,-899807952,-1799615904
34,54,62,-602461440,-1204922880
34,54,63,-273626672,-547253344
34,54,64,87702528,175405056
34,54,65,482532336,965064672
34,54,66,911868928,1823737856
34,54,67,1376718480,2753436960
34,54,68,1878087168,3756174336
34,55,56,-1836800064,-3673600128
34,55,57,-1677049440,-3354098880
34,55,58,-1490142960,-2980285920
34,55,59,-1275044184,-2550088368
34,55,60,-1030716672,-2061433344
34,55,61,-756123984,-1512247968
34,55,62,-450229680,-900459360
34,55,63,-111997320,-223994640
34,55,64,259609536,519219072
34,55,65,665627328,1331254656
34,55,66,1107092496,2214184992
34,55,67,1585041480,3170082960
34,55,68,2100510720,4201021440
34,56,57,-1533258432,-3066516864
34,56,58,-1340215296,-2680430592
34,56,59,-1118234432,-2236468864
34,56,60,-866248704,-1732497408
34,56,61,-583190976,-1166381952
34,56,62,-267994112,-535988224
34,56,63,80409024,160818048
34,56,64,463085568,926171136
34,56,65,881102656,1762205312
34,56,66,1335527424,2671054848
34,56,67,1827427008,3654854016
34,56,68,2357868544,4715737088
34,57,58,-1162066896,-2324133792
34,57,59,-932469840,-1864939680
34,57,60,-672074240,-1344148480
34,57,61,-379781832,-759563664
34,57,62,-54494352,-108988704
34,57,63,304886464,609772928
34,57,64,699458880,1398917760
34,57,65,1130321160,2260642320
34,57,66,1598571568,3197143136
34,57,67,2105308368,4210616736
34,57,68,2651629824,5303259648
34,58,59,-716588592,-1433177184
34,58,60,-446999040,-893998080
34,58,61,-144669456,-289338912
34,58,62,191529984,383059968
34,58,63,562729104,1125458208
34,58,64,970057728,1940115456
34,58,65,1414645680,2829291360
34,58,66,1897622784,3795245568
34,58,67,2420118864,4840237728
34,58,68,2983263744,5966527488
34,59,60,-189828864,-379657728
34,59,61,123373248,246746496
34,59,62,471339280,942678560
34,59,63,855231048,1710462096
34,59,64,1276210368,2552420736
34,59,65,1735439056,3470878112
34,59,66,2234078928,4468157856
34,59,67,2773291800,5546583600
34,59,68,3354239488,6708478976
34,60,61,425573376,851146752
34,60,62,786193920,1572387840
34,60,63,1183686400,2367372800
34,60,64,1619245056,3238490112
34,60,65,2094064128,4188128256
34,60,66,2609337856,5218675712
34,60,67,3166260480,6332520960
34,60,68,3766026240,7532052480
34,61,62,1137354288,2274708576
34,61,63,1549389264,3098778528
34,61,64,2000490048,4000980096
34,61,65,2491883736,4983767472
34,61,66,3024797424,6049594848
34,61,67,3600458208,7200916416
34,61,68,4220093184,8440186368
34,62,63,1953633744,3907267488
34,62,64,2421273600,4842547200
34,62,65,2930260720,5860521440
34,62,66,3481855488,6963710976
34,62,67,4077318288,8154636576
34,62,68,4717909504,9435819008
34,63,64,2882923968,5765847936
34,63,65,3410557920,6821115840
34,63,66,3981909904,7963819808
34,63,67,4598274024,9196548048
34,63,68,5260944384,10521888768
34,64,65,3934138176,7868276352
34,64,66,4526358528,9052717056
34,64,67,5164758720,10329517440
34,64,68,5850667008,11701334016
34,65,66,5116599216,10233198432
34,65,67,5778205680,11556411360
34,65,68,6488546560,12977093120
35,36,37,-1348629660,-2697259320
35,36,38,-1414373400,-2828746800
35,36,39,-1474104744,-2948209488
35,36,40,-1527265116,-3054530232
35,36,41,-1573295940,-3146591880
35,36,42,-1611638640,-3223277280
35,36,43,-1641734640,-3283469280
35,36,44,-1663025364,-3326050728
35,36,45,-1674952236,-3349904472
35,36,46,-1676956680,-3353913360
35,36,47,-1668480120,-3336960240
35,36,48,-1648963980,-3297927960
35,36,49,-1617849684,-3235699368
35,36,50,-1574578656,-3149157312
35,36,51,-1518592320,-3037184640
35,36,52,-1449332100,-2898664200
35,36,53,-1366239420,-2732478840
35,36,54,-1268755704,-2537511408
35,36,55,-1156322376,-2312644752
35,36,56,-1028380860,-2056761720
35,36,57,-884372580,-1768745160
35,36,58,-723738960,-1447477920
35,36,59,-545921424,-1091842848
35,36,60,-350361396,-700722792
35,36,61,-136500300,-273000600
35,36,62,96220440,192440880
35,36,63,348359400,696718800
35,36,64,620475156,1240950312
35,36,65,913126284,1826252568
35,36,66,1226871360,2453742720
35,36,67,1562268960,3124537920
35,36,68,1919877660,3839755320
35,36,69,2300256036,4600512072
35,36,70,2703962664,5407925328
35,37,38,-1501046960,-3002093920
35,37,39,-1568483280,-3136966560
35,37,40,-1629295500,-3258591000
35,37,41,-1682901710,-3365803420
35,37,42,-1728720000,-3457440000
35,37,43,-1766168460,-3532336920
35,37,44,-1794665180,-3589330360
35,37,45,-1813628250,-3627256500
35,37,46,-1822475760,-3644951520
35,37,47,-1820625800,-3641251600
35,37,48,-1807496460,-3614992920
35,37,49,-1782505830,-3565011660
35,37,50,-1745072000,-3490144000
35,37,51,-1694613060,-3389226120
35,37,52,-1630547100,-3261094200
35,37,53,-1552292210,-3104584420
35,37,54,-1459266480,-2918532960
35,37,55,-1350888000,-2701776000
35,37,56,-1226574860,-2453149720
35,37,57,-1085745150,-2171490300
35,37,58,-927816960,-1855633920
35,37,59,-752208380,-1504416760
35,37,60,-558337500,-1116675000
35,37,61,-345622410,-691244820
35,37,62,-113481200,-226962400
35,37,63,138668040,277336080
35,37,64,411407220,822814440
35,37,65,705318250,1410636500
35,37,66,1020983040,2041966080
35,37,67,1358983500,2717967000
35,37,68,1719901540,3439803080
35,37,69,2104319070,4208638140
35,37,70,2512818000,5025636000
35,38,39,-1657391760,-3314783520
35,38,40,-1725851624,-3451703248
35,38,41,-1787028880,-3574057760
35,38,42,-1840317840,-3680635680
35,38,43,-1885112816,-3770225632
35,38,44,-1920808120,-3841616240
35,38,45,-1946798064,-3893596128
35,38,46,-1962476960,-3924953920
35,38,47,-1967239120,-3934478240
35,38,48,-1960478856,-3920957712
35,38,49,-1941590480,-3883180960
35,38,50,-1909968304,-3819936608
35,38,51,-1865006640,-3730013280
35,38,52,-1806099800,-3612199600
35,38,53,-1732642096,-3465284192
35,38,54,-1644027840,-3288055680
35,38,55,-1539651344,-3079302688
35,38,56,-1418906920,-2837813840
35,38,57,-1281188880,-2562377760
35,38,58,-1125891536,-2251783072
35,38,59,-952409200,-1904818400
35,38,60,-760136184,-1520272368
35,38,61,-548466800,-1096933600
35,38,62,-316795360,-633590720
35,38,63,-64516176,-129032352
35,38,64,208976440,417952880
35,38,65,504288176,1008576352
35,38,66,822024720,1644049440
35,38,67,1162791760,2325583520
35,38,68,1527194984,3054389968
35,38,69,1915840080,3831680160
35,38,70,2329332736,4658665472
35,39,40,-1816278912,-3632557824
35,39,41,-1884997764,-3769995528
35,39,42,-1945726920,-3891453840
35,39,43,-1997836470,-3995672940
35,39,44,-2040696504,-4081393008
35,39,45,-2073677112,-4147354224
35,39,46,-2096148384,-4192296768
35,39,47,-2107480410,-4214960820
35,39,48,-2107043280,-4214086560
35,39,49,-2094207084,-4188414168
35,39,50,-2068341912,-4136683824
35,39,51,-2028817854,-4057635708
35,39,52,-1975005000,-3950010000
35,39,53,-1906273440,-3812546880
35,39,54,-1821993264,-3643986528
35,39,55,-1721534562,-3443069124
35,39,56,-1604267424,-3208534848
35,39,57,-1469561940,-2939123880
35,39,58,-1316788200,-2633576400
35,39,59,-1145316294,-2290632588
35,39,60,-954516312,-1909032624
35,39,61,-743758344,-1487516688
35,39,62,-512412480,-1024824960
35,39,63,-259848810,-519697620
35,39,64,14562576,29125152
35,39,65,311451588,622903176
35,39,66,631448136,1262896272
35,39,67,975182130,1950364260
35,39,68,1343283480,2686566960
35,39,69,1736382096,3472764192
35,39,70,2155107888,4310215776
35,40,41,-1976128676,-3952257352
35,40,42,-2044242000,-4088484000
35,40,43,-2103608184,-4207216368
35,40,44,-2153572652,-4307145304
35,40,45,-2193480828,-4386961656
35,40,46,-2222678136,-4445356272
35,40,47,-2240510000,-4481020000
35,40,48,-2246321844,-4492643688
35,40,49,-2239459092,-4478918184
35,40,50,-2219267168,-4438534336
35,40,51,-2185091496,-4370182992
35,40,52,-2136277500,-4272555000
35,40,53,-2072170604,-4144341208
35,40,54,-1992116232,-3984232464
35,40,55,-1895459808,-3790919616
35,40,56,-1781546756,-3563093512
35,40,57,-1649722500,-3299445000
35,40,58,-1499332464,-2998664928
35,40,59,-1329722072,-2659444144
35,40,60,-1140236748,-2280473496
35,40,61,-930221916,-1860443832
35,40,62,-699023000,-1398046000
35,40,63,-445985424,-891970848
35,40,64,-170454612,-340909224
35,40,65,128224012,256448024
35,40,66,450705024,901410048
35,40,67,797643000,1595286000
35,40,68,1169692516,2339385032
35,40,69,1567508148,3135016296
35,40,70,1991744472,3983488944
35,41,42,-2135157840,-4270315680
35,41,43,-2201696720,-4403393440
35,41,44,-2258678884,-4517357768
35,41,45,-2305424646,-4610849292
35,41,46,-2341254320,-4682508640
35,41,47,-2365488220,-4730976440
35,41,48,-2377446660,-4754893320
35,41,49,-2376449954,-4752899908
35,41,50,-2361818416,-4723636832
35,41,51,-2332872360,-4665744720
35,41,52,-2288932100,-4577864200
35,41,53,-2229317950,-4458635900
35,41,54,-2153350224,-4306700448
35,41,55,-2060349236,-4120698472
35,41,56,-1949635300,-3899270600
35,41,57,-1820528730,-3641057460
35,41,58,-1672349840,-3344699680
35,41,59,-1504418944,-3008837888
35,41,60,-1316056356,-2632112712
35,41,61,-1106582390,-2213164780
35,41,62,-875317360,-1750634720
35,41,63,-621581580,-1243163160
35,41,64,-344695364,-689390728
35,41,65,-43979026,-87958052
35,41,66,281247120,562494240
35,41,67,631662760,1263325520
35,41,68,1007947580,2015895160
35,41,69,1410781266,2821562532
35,41,70,1840843504,3681687008
35,42,43,-2291370840,-4582741680
35,42,44,-2355257520,-4710515040
35,42,45,-2408724000,-4817448000
35,42,46,-2451065040,-4902130080
35,42,47,-2481575400,-4963150800
35,42,48,-2499549840,-4999099680
35,42,49,-2504283120,-5008566240
35,42,50,-2495070000,-4990140000
35,42,51,-2471205240,-4942410480
35,42,52,-2431983600,-4863967200
35,42,53,-2376699840,-4753399680
35,42,54,-2304648720,-4609297440
35,42,55,-2215125000,-4430250000
35,42,56,-2107423440,-4214846880
35,42,57,-1980838800,-3961677600
35,42,58,-1834665840,-3669331680
35,42,59,-1668199320,-3336398640
35,42,60,-1480734000,-2961468000
35,42,61,-1271564640,-2543129280
35,42,62,-1039986000,-2079972000
35,42,63,-785292840,-1570585680
35,42,64,-506779920,-1013559840
35,42,65,-203742000,-407484000
35,42,66,124526160,249052320
35,42,67,478729800,957459600
35,42,68,859574160,1719148320
35,42,69,1267764480,2535528960
35,42,70,1704006000,3408012000
35,43,44,-2442550880,-4885101760
35,43,45,-2502594324,-5005188648
35,43,46,-2551298400,-5102596800
35,43,47,-2587931870,-5175863740
35,43,48,-2611763496,-5223526992
35,43,49,-2622062040,-5244124080
35,43,50,-2618096264,-5236192528
35,43,51,-2599134930,-5198269860
35,43,52,-2564446800,-5128893600
35,43,53,-2513300636,-5026601272
35,43,54,-2444965200,-4889930400
35,43,55,-2358709254,-4717418508
35,43,56,-2253801560,-4507603120
35,43,57,-2129510880,-4259021760
35,43,58,-1985105976,-3970211952
35,43,59,-1819855610,-3639711220
35,43,60,-1633028544,-3266057088
35,43,61,-1423893540,-2847787080
35,43,62,-1191719360,-2383438720
35,43,63,-935774766,-1871549532
35,43,64,-655328520,-1310657040
35,43,65,-349649384,-699298768
35,43,66,-18006120,-36012240
35,43,67,340332510,680665020
35,43,68,726097744,1452195488
35,43,69,1140020820,2280041640
35,43,70,1582832976,3165665952
35,44,45,-2586251052,-5172502104
35,44,46,-2641142504,-5282285008
35,44,47,-2683717960,-5367435920
35,44,48,-2713219740,-5426439480
35,44,49,-2728890164,-5457780328
35,44,50,-2729971552,-5459943104
35,44,51,-2715706224,-5431412448
35,44,52,-2685336500,-5370673000
35,44,53,-2638104700,-5276209400
35,44,54,-2573253144,-5146506288
35,44,55,-2490024152,-4980048304
35,44,56,-2387660044,-4775320088
35,44,57,-2265403140,-4530806280
35,44,58,-2122495760,-4244991520
35,44,59,-1958180224,-3916360448
35,44,60,-1771698852,-3543397704
35,44,61,-1562293964,-3124587928
35,44,62,-1329207880,-2658415760
35,44,63,-1071682920,-2143365840
35,44,64,-788961404,-1577922808
35,44,65,-480285652,-960571304
35,44,66,-144897984,-289795968
35,44,67,217959280,435918560
35,44,68,609043820,1218087640
35,44,69,1029113316,2058226632
35,44,70,1478925448,2957850896
35,45,46,-2719785456,-5439570912
35,45,47,-2768094000,-5536188000
35,45,48,-2803050684,-5606101368
35,45,49,-2823870942,-5647741884
35,45,50,-2829770208,-5659540416
35,45,51,-2819963916,-5639927832
35,45,52,-2793667500,-5587335000
35,45,53,-2750096394,-5500192788
35,45,54,-2688466032,-5376932064
35,45,55,-2607991848,-5215983696
35,45,56,-2507889276,-5015778552
35,45,57,-2387373750,-4774747500
35,45,58,-2245660704,-4491321408
35,45,59,-2081965572,-4163931144
35,45,60,-1895503788,-3791007576
35,45,61,-1685490786,-3370981572
35,45,62,-1451142000,-2902284000
35,45,63,-1191672864,-2383345728
35,45,64,-906298812,-1812597624
35,45,65,-594235278,-1188470556
35,45,66,-254697696,-509395392
35,45,67,113098500,226197000
35,45,68,509937876,1019875752
35,45,69,936604998,1873209996
35,45,70,1393884432,2787768864
35,46,47,-2840220320,-5680440640
35,46,48,-2880388440,-5760776880
35,46,49,-2906107824,-5812215648
35,46,50,-2916566576,-5833133152
35,46,51,-2910952800,-5821905600
35,46,52,-2888454600,-5776909200
35,46,53,-2848260080,-5696520160
35,46,54,-2789557344,-5579114688
35,46,55,-2711534496,-5423068992
35,46,56,-2613379640,-5226759280
35,46,57,-2494280880,-4988561760
35,46,58,-2353426320,-4706852640
35,46,59,-2190004064,-4380008128
35,46,60,-2003202216,-4006404432
35,46,61,-1792208880,-3584417760
35,46,62,-1556212160,-3112424320
35,46,63,-1294400160,-2588800320
35,46,64,-1005960984,-2011921968
35,46,65,-690082736,-1380165472
35,46,66,-345953520,-691907040
35,46,67,27238560,54477120
35,46,68,430305400,860610800
35,46,69,864058896,1728117792
35,46,70,1329310944,2658621888
35,47,48,-2944365120,-5888730240
35,47,49,-2974704260,-5949408520
35,47,50,-2989435000,-5978870000
35,47,51,-2987717670,-5975435340
35,47,52,-2968712600,-5937425200
35,47,53,-2931580120,-5863160240
35,47,54,-2875480560,-5750961120
35,47,55,-2799574250,-5599148500
35,47,56,-2703021520,-5406043040
35,47,57,-2584982700,-5169965400
35,47,58,-2444618120,-4889236240
35,47,59,-2281088110,-4562176220
35,47,60,-2093553000,-4187106000
35,47,61,-1881173120,-3762346240
35,47,62,-1643108800,-3286217600
35,47,63,-1378520370,-2757040740
35,47,64,-1086568160,-2173136320
35,47,65,-766412500,-1532825000
35,47,66,-417213720,-834427440
35,47,67,-38132150,-76264300
35,47,68,371671880,743343760
35,47,69,813038040,1626076080
35,47,70,1286806000,2573612000
35,48,49,-3028763700,-6057527400
35,48,50,-3047449824,-6094899648
35,48,51,-3049303320,-6098606640
35,48,52,-3033456300,-6066912600
35,48,53,-2999040876,-5998081752
35,48,54,-2945189160,-5890378320
35,48,55,-2871033264,-5742066528
35,48,56,-2775705300,-5551410600
35,48,57,-2658337380,-5316674760
35,48,58,-2518061616,-5036123232
35,48,59,-2354010120,-4708020240
35,48,60,-2165315004,-4330630008
35,48,61,-1951108380,-3902216760
35,48,62,-1710522360,-3421044720
35,48,63,-1442689056,-2885378112
35,48,64,-1146740580,-2293481160
35,48,65,-821809044,-1643618088
35,48,66,-467026560,-934053120
35,48,67,-81525240,-163050480
35,48,68,335562804,671125608
35,48,69,785105460,1570210920
35,48,70,1267970616,2535941232
35,49,50,-3089685392,-6179370784
35,49,51,-3094754544,-6189509088
35,49,52,-3081700500,-6163401000
35,49,53,-3049626710,-6099253420
35,49,54,-2997636624,-5995273248
35,49,55,-2924833692,-5849667384
35,49,56,-2830321364,-5660642728
35,49,57,-2713203090,-5426406180
35,49,58,-2572582320,-5145164640
35,49,59,-2407562504,-4815125008
35,49,60,-2217247092,-4434494184
35,49,61,-2000739534,-4001479068
35,49,62,-1757143280,-3514286560
35,49,63,-1485561780,-2971123560
35,49,64,-1185098484,-2370196968
35,49,65,-854856842,-1709713684
35,49,66,-493940304,-987880608
35,49,67,-101452320,-202904640
35,49,68,323503660,647007320
35,49,69,781824186,1563648372
35,49,70,1274405808,2548811616
35,50,51,-3123116136,-6246232272
35,50,52,-3112460000,-6224920000
35,50,53,-3082321984,-6164643968
35,50,54,-3031776432,-6063552864
35,50,55,-2959897688,-5919795376
35,50,56,-2865760096,-5731520192
35,50,57,-2748438000,-5496876000
35,50,58,-2607005744,-5214011488
35,50,59,-2440537672,-4881075344
35,50,60,-2248108128,-4496216256
35,50,61,-2028791456,-4057582912
35,50,62,-1781662000,-3563324000
35,50,63,-1505794104,-3011588208
35,50,64,-1200262112,-2400524224
35,50,65,-864140368,-1728280736
35,50,66,-496503216,-993006432
35,50,67,-96425000,-192850000
35,50,68,337019936,674039872
35,50,69,804757248,1609514496
35,50,70,1307712592,2615425184
35,51,52,-3124749600,-6249499200
35,51,53,-3096111060,-6192222120
35,51,54,-3046562064,-6093124128
35,51,55,-2975147406,-5950294812
35,51,56,-2880911880,-5761823760
35,51,57,-2762900280,-5525800560
35,51,58,-2620157400,-5240314800
35,51,59,-2451728034,-4903456068
35,51,60,-2256656976,-4513313952
35,51,61,-2033989020,-4067978040
35,51,62,-1782768960,-3565537920
35,51,63,-1502041590,-3004083180
35,51,64,-1190851704,-2381703408
35,51,65,-848244096,-1696488192
35,51,66,-473263560,-946527120
35,51,67,-64954890,-129909780
35,51,68,377637120,755274240
35,51,69,855467676,1710935352
35,51,70,1369491984,2738983968
35,52,53,-3089978300,-6179956600
35,52,54,-3040947000,-6081894000
35,52,55,-2969505000,-5939010000
35,52,56,-2874667100,-5749334200
35,52,57,-2755448100,-5510896200
35,52,58,-2610862800,-5221725600
35,52,59,-2439926000,-4879852000
35,52,60,-2241652500,-4483305000
35,52,61,-2015057100,-4030114200
35,52,62,-1759154600,-3518309200
35,52,63,-1472959800,-2945919600
35,52,64,-1155487500,-2310975000
35,52,65,-805752500,-1611505000
35,52,66,-422769600,-845539200
35,52,67,-5553600,-11107200
35,52,68,446880700,893761400
35,52,69,935518500,1871037000
35,52,70,1461345000,2922690000
35,53,54,-3013884720,-6027769440
35,53,55,-2941892624,-5883785248
35,53,56,-2845916140,-5691832280
35,53,57,-2724939630,-5449879260
35,53,58,-2577947456,-5155894912
35,53,59,-2403923980,-4807847960
35,53,60,-2201853564,-4403707128
35,53,61,-1970720570,-3941441140
35,53,62,-1709509360,-3419018720
35,53,63,-1417204296,-2834408592
35,53,64,-1092789740,-2185579480
35,53,65,-735250054,-1470500108
35,53,66,-343569600,-687139200
35,53,67,83267260,166534520
35,53,68,546276164,1092552328
35,53,69,1046472750,2092945500
35,53,70,1584872656,3169745312
35,54,55,-2891232432,-5782464864
35,54,56,-2793549384,-5587098768
35,54,57,-2670233040,-5340466080
35,54,58,-2520236880,-5040473760
35,54,59,-2342514384,-4685028768
35,54,60,-2136019032,-4272038064
35,54,61,-1899704304,-3799408608
35,54,62,-1632523680,-3265047360
35,54,63,-1333430640,-2666861280
35,54,64,-1001378664,-2002757328
35,54,65,-635321232,-1270642464
35,54,66,-234211824,-468423648
35,54,67,202996080,405992160
35,54,68,677349000,1354698000
35,54,69,1189893456,2379786912
35,54,70,1741675968,3483351936
35,55,56,-2716457216,-5432914432
35,55,57,-2590186500,-5180373000
35,55,58,-2436556584,-4873113168
35,55,59,-2254489622,-4508979244
35,55,60,-2042907768,-4085815536
35,55,61,-1800733176,-3601466352
35,55,62,-1526888000,-3053776000
35,55,63,-1220294394,-2440588788
35,55,64,-879874512,-1759749024
35,55,65,-504550508,-1009101016
35,55,66,-93244536,-186489072
35,55,67,355121250,710242500
35,55,68,841624696,1683249392
35,55,69,1367343648,2734687296
35,55,70,1933355952,3866711904
35,56,57,-2483658180,-4967316360
35,56,58,-2325732080,-4651464160
35,56,59,-2138642104,-4277284208
35,56,60,-1921278636,-3842557272
35,56,61,-1672532060,-3345064120
35,56,62,-1391292760,-2782585520
35,56,63,-1076451120,-2152902240
35,56,64,-726897524,-1453795048
35,56,65,-341522356,-683044712
35,56,66,80784000,161568000
35,56,67,541131160,1082262320
35,56,68,1040628740,2081257480
35,56,69,1580386356,3160772712
35,56,70,2161513624,4323027248
35,57,58,-2186588880,-4373177760
35,57,59,-1993764240,-3987528480
35,57,60,-1769890500,-3539781000
35,57,61,-1513825830,-3027651660
35,57,62,-1224428400,-2448856800
35,57,63,-900556380,-1801112760
35,57,64,-541067940,-1082135880
35,57,65,-144821250,-289642500
35,57,66,289325520,578651040
35,57,67,762514200,1525028400
35,57,68,1275886620,2551773240
35,57,69,1830584610,3661169220
35,57,70,2427750000,4855500000
35,58,59,-1818648440,-3637296880
35,58,60,-1587502224,-3175004448
35,58,61,-1323339360,-2646678720
35,58,62,-1024985360,-2049970720
35,58,63,-691265736,-1382531472
35,58,64,-321006000,-642012000
35,58,65,86968336,173936672
35,58,66,533831760,1067663520
35,58,67,1020758760,2041517520
35,58,68,1548923824,3097847648
35,58,69,2119501440,4239002880
35,58,70,2733666096,5467332192
35,59,60,-1372872672,-2745745344
35,59,61,-1099797524,-2199595048
35,59,62,-791654080,-1583308160
35,59,63,-447234750,-894469500
35,59,64,-65331944,-130663888
35,59,65,355261928,710523856
35,59,66,815754456,1631508912
35,59,67,1317353230,2634706460
35,59,68,1861265840,3722531680
35,59,69,2448699876,4897399752
35,59,70,3080862928,6161725856
35,60,61,-841925196,-1683850392
35,60,62,-523125000,-1046250000
35,60,63,-167118984,-334237968
35,60,64,227333988,454667976
35,60,65,661475052,1322950104
35,60,66,1136545344,2273090688
35,60,67,1653786000,3307572000
35,60,68,2214438156,4428876312
35,60,69,2819742948,5639485896
35,60,70,3470941512,6941883024
35,61,62,-218088560,-436177120
35,61,63,150426000,300852000
35,61,64,558371556,1116743112
35,61,65,1007023234,2014046468
35,61,66,1497656160,2995312320
35,61,67,2031545460,4063090920
35,61,68,2609966260,5219932520
35,61,69,3234193686,6468387372
35,61,70,3905502864,7811005728
35,62,63,506744640,1013489280
35,62,64,929160520,1858321040
35,62,65,1393322000,2786644000
35,62,66,1900538640,3801077280
35,62,67,2452120000,4904240000
35,62,68,3049375640,6098751280
35,62,69,3693615120,7387230240
35,62,70,4386148000,8772296000
35,63,64,1341080640,2682161280
35,63,65,1821786876,3643573752
35,63,66,2346644520,4693289040
35,63,67,2916998010,5833996020
35,63,68,3534191784,7068383568
35,63,69,4199570280,8399140560
35,63,70,4914477936,9828955872
35,64,65,2293833388,4587666776
35,64,66,2837425536,5674851072
35,64,67,3427667880,6855335760
35,64,68,4065940180,8131880360
35,64,69,4753622196,9507244392
35,64,70,5492093688,10984187376
35,65,66,3374333424,6748666848
35,65,67,3985618000,7971236000
35,65,68,4646146316,9292292632
35,65,69,5357333898,10714667796
35,65,70,6120596272,12241192544
35,66,67,4592336760,9184673520
35,66,68,5276335680,10552671360
35,66,69,6012268416,12024536832
35,66,70,6801586704,13603173408
35,67,68,5958033760,11916067520
35,67,69,6719988780,13439977560
35,67,70,7536666000,15073332000
36,37,38,-1613498184,-3226996368
36,37,39,-1690543172,-3381086344
36,37,40,-1760955060,-3521910120
36,37,41,-1824127344,-3648254688
36,37,42,-1879453520,-3758907040
36,37,43,-1926327084,-3852654168
36,37,44,-1964141532,-3928283064
36,37,45,-1992290360,-3984580720
36,37,46,-2010167064,-4020334128
36,37,47,-2017165140,-4034330280
36,37,48,-2012678084,-4025356168
36,37,49,-1996099392,-3992198784
36,37,50,-1966822560,-3933645120
36,37,51,-1924241084,-3848482168
36,37,52,-1867748460,-3735496920
36,37,53,-1796738184,-3593476368
36,37,54,-1710603752,-3421207504
36,37,55,-1608738660,-3217477320
36,37,56,-1490536404,-2981072808
36,37,57,-1355390480,-2710780960
36,37,58,-1202694384,-2405388768
36,37,59,-1031841612,-2063683224
36,37,60,-842225660,-1684451320
36,37,61,-633240024,-1266480048
36,37,62,-404278200,-808556400
36,37,63,-154733684,-309467368
36,37,64,116000028,232000056
36,37,65,408529440,817058880
36,37,66,723461056,1446922112
36,37,67,1061401380,2122802760
36,37,68,1422956916,2845913832
36,37,69,1808734168,3617468336
36,37,70,2219339640,4438679280
36,37,71,2655379836,5310759672
36,37,72,3117461260,6234922520
36,38,39,-1791024696,-3582049392
36,38,40,-1870110720,-3740221440
36,38,41,-1941903720,-3883807440
36,38,42,-2005772544,-4011545088
36,38,43,-2061086040,-4122172080
36,38,44,-2107213056,-4214426112
36,38,45,-2143522440,-4287044880
36,38,46,-2169383040,-4338766080
36,38,47,-2184163704,-4368327408
36,38,48,-2187233280,-4374466560
36,38,49,-2177960616,-4355921232
36,38,50,-2155714560,-4311429120
36,38,51,-2119863960,-4239727920
36,38,52,-2069777664,-4139555328
36,38,53,-2004824520,-4009649040
36,38,54,-1924373376,-3848746752
36,38,55,-1827793080,-3655586160
36,38,56,-1714452480,-3428904960
36,38,57,-1583720424,-3167440848
36,38,58,-1434965760,-2869931520
36,38,59,-1267557336,-2535114672
36,38,60,-1080864000,-2161728000
36,38,61,-874254600,-1748509200
36,38,62,-647097984,-1294195968
36,38,63,-398763000,-797526000
36,38,64,-128618496,-257236992
36,38,65,163966680,327933360
36,38,66,479623680,959247360
36,38,67,818983656,1637967312
36,38,68,1182677760,2365355520
36,38,69,1571337144,3142674288
36,38,70,1985592960,3971185920
36,38,71,2426076360,4852152720
36,38,72,2893418496,5786836992
36,39,40,-1973231084,-3946462168
36,39,41,-2053643436,-4107286872
36,39,42,-2126053552,-4252107104
36,39,43,-2189805176,-4379610352
36,39,44,-2244242052,-4488484104
36,39,45,-2288707924,-4577415848
36,39,46,-2322546536,-4645093072
36,39,47,-2345101632,-4690203264
36,39,48,-2355716956,-4711433912
36,39,49,-2353736252,-4707472504
36,39,50,-2338503264,-4677006528
36,39,51,-2309361736,-4618723472
36,39,52,-2265655412,-4531310824
36,39,53,-2206728036,-4413456072
36,39,54,-2131923352,-4263846704
36,39,55,-2040585104,-4081170208
36,39,56,-1932057036,-3864114072
36,39,57,-1805682892,-3611365784
36,39,58,-1660806416,-3321612832
36,39,59,-1496771352,-2993542704
36,39,60,-1312921444,-2625842888
36,39,61,-1108600436,-2217200872
36,39,62,-883152072,-1766304144
36,39,63,-635920096,-1271840192
36,39,64,-366248252,-732496504
36,39,65,-73480284,-146960568
36,39,66,243040064,486080128
36,39,67,583969048,1167938096
36,39,68,949962924,1899925848
36,39,69,1341677948,2683355896
36,39,70,1759770376,3519540752
36,39,71,2204896464,4409792928
36,39,72,2677712468,5355424936
36,40,41,-2158638660,-4317277320
36,40,42,-2239562240,-4479124480
36,40,43,-2311723260,-4623446520
36,40,44,-2374439904,-4748879808
36,40,45,-2427030356,-4854060712
36,40,46,-2468812800,-4937625600
36,40,47,-2499105420,-4998210840
36,40,48,-2517226400,-5034452800
36,40,49,-2522493924,-5044987848
36,40,50,-2514226176,-5028452352
36,40,51,-2491741340,-4983482680
36,40,52,-2454357600,-4908715200
36,40,53,-2401393140,-4802786280
36,40,54,-2332166144,-4664332288
36,40,55,-2245994796,-4491989592
36,40,56,-2142197280,-4284394560
36,40,57,-2020091780,-4040183560
36,40,58,-1878996480,-3757992960
36,40,59,-1718229564,-3436459128
36,40,60,-1537109216,-3074218432
36,40,61,-1334953620,-2669907240
36,40,62,-1111080960,-2222161920
36,40,63,-864809420,-1729618840
36,40,64,-595457184,-1190914368
36,40,65,-302342436,-604684872
36,40,66,15216640,30433280
36,40,67,357901860,715803720
36,40,68,726395040,1452790080
36,40,69,1121377996,2242755992
36,40,70,1543532544,3087065088
36,40,71,1993540500,3987081000
36,40,72,2472083680,4944167360
36,41,42,-2345564304,-4691128608
36,41,43,-2426079060,-4852158120
36,41,44,-2497017996,-4994035992
36,41,45,-2557673280,-5115346560
36,41,46,-2607337080,-5214674160
36,41,47,-2645301564,-5290603128
36,41,48,-2670858900,-5341717800
36,41,49,-2683301256,-5366602512
36,41,50,-2681920800,-5363841600
36,41,51,-2666009700,-5332019400
36,41,52,-2634860124,-5269720248
36,41,53,-2587764240,-5175528480
36,41,54,-2524014216,-5048028432
36,41,55,-2442902220,-4885804440
36,41,56,-2343720420,-4687440840
36,41,57,-2225760984,-4451521968
36,41,58,-2088316080,-4176632160
36,41,59,-1930677876,-3861355752
36,41,60,-1752138540,-3504277080
36,41,61,-1551990240,-3103980480
36,41,62,-1329525144,-2659050288
36,41,63,-1084035420,-2168070840
36,41,64,-814813236,-1629626472
36,41,65,-521150760,-1042301520
36,41,66,-202340160,-404680320
36,41,67,142326396,284652792
36,41,68,513556740,1027113480
36,41,69,912058704,1824117408
36,41,70,1338540120,2677080240
36,41,71,1793708820,3587417640
36,41,72,2278272636,4556545272
36,42,43,-2532111344,-5064222688
36,42,44,-2611187712,-5222375424
36,42,45,-2679820240,-5359640480
36,42,46,-2737274624,-5474549248
36,42,47,-2782816560,-5565633120
36,42,48,-2815711744,-5631423488
36,42,49,-2835225872,-5670451744
36,42,50,-2840624640,-5681249280
36,42,51,-2831173744,-5662347488
36,42,52,-2806138880,-5612277760
36,42,53,-2764785744,-5529571488
36,42,54,-2706380032,-5412760064
36,42,55,-2630187440,-5260374880
36,42,56,-2535473664,-5070947328
36,42,57,-2421504400,-4843008800
36,42,58,-2287545344,-4575090688
36,42,59,-2132862192,-4265724384
36,42,60,-1956720640,-3913441280
36,42,61,-1758386384,-3516772768
36,42,62,-1537125120,-3074250240
36,42,63,-1292202544,-2584405088
36,42,64,-1022884352,-2045768704
36,42,65,-728436240,-1456872480
36,42,66,-408123904,-816247808
36,42,67,-61213040,-122426080
36,42,68,313030656,626061312
36,42,69,715341488,1430682976
36,42,70,1146453760,2292907520
36,42,71,1607101776,3214203552
36,42,72,2098019840,4196039680
36,43,44,-2716160436,-5432320872
36,43,45,-2792654780,-5585309560
36,43,46,-2857780680,-5715561360
36,43,47,-2910776904,-5821553808
36,43,48,-2950882220,-5901764440
36,43,49,-2977335396,-5954670792
36,43,50,-2989375200,-5978750400
36,43,51,-2986240400,-5972480800
36,43,52,-2967169764,-5934339528
36,43,53,-2931402060,-5862804120
36,43,54,-2878176056,-5756352112
36,43,55,-2806730520,-5613461040
36,43,56,-2716304220,-5432608440
36,43,57,-2606135924,-5212271848
36,43,58,-2475464400,-4950928800
36,43,59,-2323528416,-4647056832
36,43,60,-2149566740,-4299133480
36,43,61,-1952818140,-3905636280
36,43,62,-1732521384,-3465042768
36,43,63,-1487915240,-2975830480
36,43,64,-1218238476,-2436476952
36,43,65,-922729860,-1845459720
36,43,66,-600628160,-1201256320
36,43,67,-251172144,-502344288
36,43,68,126399420,252798840
36,43,69,532847764,1065695528
36,43,70,968934120,1937868240
36,43,71,1435419720,2870839440
36,43,72,1933065796,3866131592
36,44,45,-2895360444,-5790720888
36,44,46,-2968010496,-5936020992
36,44,47,-3028309092,-6056618184
36,44,48,-3075467616,-6150935232
36,44,49,-3108697452,-6217394904
36,44,50,-3127209984,-6254419968
36,44,51,-3130216596,-6260433192
36,44,52,-3116928672,-6233857344
36,44,53,-3086557596,-6173115192
36,44,54,-3038314752,-6076629504
36,44,55,-2971411524,-5942823048
36,44,56,-2885059296,-5770118592
36,44,57,-2778469452,-5556938904
36,44,58,-2650853376,-5301706752
36,44,59,-2501422452,-5002844904
36,44,60,-2329388064,-4658776128
36,44,61,-2133961596,-4267923192
36,44,62,-1914354432,-3828708864
36,44,63,-1669777956,-3339555912
36,44,64,-1399443552,-2798887104
36,44,65,-1102562604,-2205125208
36,44,66,-778346496,-1556692992
36,44,67,-426006612,-852013224
36,44,68,-44754336,-89508672
36,44,69,366198948,732397896
36,44,70,807641856,1615283712
36,44,71,1280363004,2560726008
36,44,72,1785151008,3570302016
36,45,46,-3067119320,-6134238640
36,45,47,-3134539620,-6269079240
36,45,48,-3188565220,-6377130440
36,45,49,-3228379664,-6456759328
36,45,50,-3253166496,-6506332992
36,45,51,-3262109260,-6524218520
36,45,52,-3254391500,-6508783000
36,45,53,-3229196760,-6458393520
36,45,54,-3185708584,-6371417168
36,45,55,-3123110516,-6246221032
36,45,56,-3040586100,-6081172200
36,45,57,-2937318880,-5874637760
36,45,58,-2812492400,-5624984800
36,45,59,-2665290204,-5330580408
36,45,60,-2494895836,-4989791672
36,45,61,-2300492840,-4600985680
36,45,62,-2081264760,-4162529520
36,45,63,-1836395140,-3672790280
36,45,64,-1565067524,-3130135048
36,45,65,-1266465456,-2532930912
36,45,66,-939772480,-1879544960
36,45,67,-584172140,-1168344280
36,45,68,-198847980,-397695960
36,45,69,217016456,434032912
36,45,70,664237624,1328475248
36,45,71,1143631980,2287263960
36,45,72,1656015980,3312031960
36,46,47,-3228594984,-6457189968
36,46,48,-3289272320,-6578544640
36,46,49,-3335449656,-6670899312
36,46,50,-3366282240,-6732564480
36,46,51,-3380925320,-6761850640
36,46,52,-3378534144,-6757068288
36,46,53,-3358263960,-6716527920
36,46,54,-3319270016,-6638540032
36,46,55,-3260707560,-6521415120
36,46,56,-3181731840,-6363463680
36,46,57,-3081498104,-6162996208
36,46,58,-2959161600,-5918323200
36,46,59,-2813877576,-5627755152
36,46,60,-2644801280,-5289602560
36,46,61,-2451087960,-4902175920
36,46,62,-2231892864,-4463785728
36,46,63,-1986371240,-3972742480
36,46,64,-1713678336,-3427356672
36,46,65,-1412969400,-2825938800
36,46,66,-1083399680,-2166799360
36,46,67,-724124424,-1448248848
36,46,68,-334298880,-668597760
36,46,69,86921704,173843408
36,46,70,540382080,1080764160
36,46,71,1026927000,2053854000
36,46,72,1547401216,3094802432
36,47,48,-3376686204,-6753372408
36,47,49,-3428975052,-6857950104
36,47,50,-3465594720,-6931189440
36,47,51,-3485671704,-6971343408
36,47,52,-3488332500,-6976665000
36,47,53,-3472703604,-6945407208
36,47,54,-3437911512,-6875823024
36,47,55,-3383082720,-6766165440
36,47,56,-3307343724,-6614687448
36,47,57,-3209821020,-6419642040
36,47,58,-3089641104,-6179282208
36,47,59,-2945930472,-5891860944
36,47,60,-2777815620,-5555631240
36,47,61,-2584423044,-5168846088
36,47,62,-2364879240,-4729758480
36,47,63,-2118310704,-4236621408
36,47,64,-1843843932,-3687687864
36,47,65,-1540605420,-3081210840
36,47,66,-1207721664,-2415443328
36,47,67,-844319160,-1688638320
36,47,68,-449524404,-899048808
36,47,69,-22463892,-44927784
36,47,70,437735880,875471760
36,47,71,931948416,1863896832
36,47,72,1461047220,2922094440
36,48,49,-3508023476,-7016046952
36,48,50,-3550141440,-7100282880
36,48,51,-3575355340,-7150710680
36,48,52,-3582762464,-7165524928
36,48,53,-3571460100,-7142920200
36,48,54,-3540545536,-7081091072
36,48,55,-3489116060,-6978232120
36,48,56,-3416268960,-6832537920
36,48,57,-3321101524,-6642203048
36,48,58,-3202711040,-6405422080
36,48,59,-3060194796,-6120389592
36,48,60,-2892650080,-5785300160
36,48,61,-2699174180,-5398348360
36,48,62,-2478864384,-4957728768
36,48,63,-2230817980,-4461635960
36,48,64,-1954132256,-3908264512
36,48,65,-1647904500,-3295809000
36,48,66,-1311232000,-2622464000
36,48,67,-943212044,-1886424088
36,48,68,-542941920,-1085883840
36,48,69,-109518916,-219037832
36,48,70,357959680,715919360
36,48,71,860396580,1720793160
36,48,72,1398694496,2797388992
36,49,50,-3618959904,-7237919808
36,49,51,-3648983156,-7297966312
36,49,52,-3660799932,-7321599864
36,49,53,-3653477856,-7306955712
36,49,54,-3626084552,-7252169104
36,49,55,-3577687644,-7155375288
36,49,56,-3507354756,-7014709512
36,49,57,-3414153512,-6828307024
36,49,58,-3297151536,-6594303072
36,49,59,-3155416452,-6310832904
36,49,60,-2988015884,-5976031768
36,49,61,-2794017456,-5588034912
36,49,62,-2572488792,-5144977584
36,49,63,-2322497516,-4644995032
36,49,64,-2043111252,-4086222504
36,49,65,-1733397624,-3466795248
36,49,66,-1392424256,-2784848512
36,49,67,-1019258772,-2038517544
36,49,68,-612968796,-1225937592
36,49,69,-172621952,-345243904
36,49,70,302714136,605428272
36,49,71,813971844,1627943688
36,49,72,1362083548,2724167096
36,50,51,-3705562080,-7411124160
36,50,52,-3721420800,-7442841600
36,50,53,-3717701280,-7435402560
36,50,54,-3693441024,-7386882048
36,50,55,-3647677536,-7295355072
36,50,56,-3579448320,-7158896640
36,50,57,-3487790880,-6975581760
36,50,58,-3371742720,-6743485440
36,50,59,-3230341344,-6460682688
36,50,60,-3062624256,-6125248512
36,50,61,-2867628960,-5735257920
36,50,62,-2644392960,-5288785920
36,50,63,-2391953760,-4783907520
36,50,64,-2109348864,-4218697728
36,50,65,-1795615776,-3591231552
36,50,66,-1449792000,-2899584000
36,50,67,-1070915040,-2141830080
36,50,68,-658022400,-1316044800
36,50,69,-210151584,-420303168
36,50,70,273659904,547319808
36,50,71,794374560,1588749120
36,50,72,1352954880,2705909760
36,51,52,-3763600964,-7527201928
36,51,53,-3763074780,-7526149560
36,51,54,-3741527416,-7483054832
36,51,55,-3697965800,-7395931600
36,51,56,-3631396860,-7262793720
36,51,57,-3540827524,-7081655048
36,51,58,-3425264720,-6850529440
36,51,59,-3283715376,-6567430752
36,51,60,-3115186420,-6230372840
36,51,61,-2918684780,-5837369560
36,51,62,-2693217384,-5386434768
36,51,63,-2437791160,-4875582320
36,51,64,-2151413036,-4302826072
36,51,65,-1833089940,-3666179880
36,51,66,-1481828800,-2963657600
36,51,67,-1096636544,-2193273088
36,51,68,-676520100,-1353040200
36,51,69,-220486396,-440972792
36,51,70,272457640,544915280
36,51,71,803305080,1606610160
36,51,72,1373048996,2746097992
36,52,53,-3788542764,-7577085528
36,52,54,-3769256192,-7538512384
36,52,55,-3727432500,-7454865000
36,52,56,-3662047584,-7324095168
36,52,57,-3572077340,-7144154680
36,52,58,-3456497664,-6912995328
36,52,59,-3314284452,-6628568904
36,52,60,-3144413600,-6288827200
36,52,61,-2945861004,-5891722008
36,52,62,-2717602560,-5435205120
36,52,63,-2458614164,-4917228328
36,52,64,-2167871712,-4335743424
36,52,65,-1844351100,-3688702200
36,52,66,-1487028224,-2974056448
36,52,67,-1094878980,-2189757960
36,52,68,-666879264,-1333758528
36,52,69,-202004972,-404009944
36,52,70,300768000,601536000
36,52,71,842463756,1684927512
36,52,72,1424106400,2848212800
36,53,54,-3775539816,-7551079632
36,53,55,-3734957700,-7469915400
36,53,56,-3670247700,-7340495400
36,53,57,-3580354224,-7160708448
36,53,58,-3464221680,-6928443360
36,53,59,-3320794476,-6641588952
36,53,60,-3149017020,-6298034040
36,53,61,-2947833720,-5895667440
36,53,62,-2716188984,-5432377968
36,53,63,-2453027220,-4906054440
36,53,64,-2157292836,-4314585672
36,53,65,-1827930240,-3655860480
36,53,66,-1463883840,-2927767680
36,53,67,-1064098044,-2128196088
36,53,68,-627517260,-1255034520
36,53,69,-153085896,-306171792
36,53,70,360251640,720503280
36,53,71,913550940,1827101880
36,53,72,1507867596,3015735192
36,54,55,-3719421464,-7438842928
36,54,56,-3654844416,-7309688832
36,54,57,-3564472072,-7128944144
36,54,58,-3447216896,-6894433792
36,54,59,-3301991352,-6603982704
36,54,60,-3127707904,-6255415808
36,54,61,-2923279016,-5846558032
36,54,62,-2687617152,-5375234304
36,54,63,-2419634776,-4839269552
36,54,64,-2118244352,-4236488704
36,54,65,-1782358344,-3564716688
36,54,66,-1410889216,-2821778432
36,54,67,-1002749432,-2005498864
36,54,68,-556851456,-1113702912
36,54,69,-72107752,-144215504
36,54,70,452569216,905138432
36,54,71,1018266984,2036533968
36,54,72,1626073088,3252146176
36,55,56,-3614684940,-7229369880
36,55,57,-3523244780,-7046489560
36,55,58,-3404263440,-6808526880
36,55,59,-3256620984,-6513241968
36,55,60,-3079197476,-6158394952
36,55,61,-2870872980,-5741745960
36,55,62,-2630527560,-5261055120
36,55,63,-2357041280,-4714082560
36,55,64,-2049294204,-4098588408
36,55,65,-1706166396,-3412332792
36,55,66,-1326537920,-2653075840
36,55,67,-909288840,-1818577680
36,55,68,-453299220,-906598440
36,55,69,42550876,85101752
36,55,70,579381384,1158762768
36,55,71,1158312240,2316624480
36,55,72,1780463380,3560926760
36,56,57,-3455486244,-6910972488
36,56,58,-3334141440,-6668282880
36,56,59,-3183429276,-6366858552
36,56,60,-3002196960,-6004393920
36,56,61,-2789291700,-5578583400
36,56,62,-2543560704,-5087121408
36,56,63,-2263851180,-4527702360
36,56,64,-1949010336,-3898020672
36,56,65,-1597885380,-3195770760
36,56,66,-1209323520,-2418647040
36,56,67,-782171964,-1564343928
36,56,68,-315277920,-630555840
36,56,69,192511404,385022808
36,56,70,742348800,1484697600
36,56,71,1335387060,2670774120
36,56,72,1972778976,3945557952
36,57,58,-3235631024,-6471262048
36,57,59,-3081162132,-6162324264
36,57,60,-2895417580,-5790835160
36,57,61,-2677211264,-5354422528
36,57,62,-2425357080,-4850714160
36,57,63,-2138668924,-4277337848
36,57,64,-1815960692,-3631921384
36,57,65,-1456046280,-2912092560
36,57,66,-1057739584,-2115479168
36,57,67,-619854500,-1239709000
36,57,68,-141204924,-282409848
36,57,69,379395248,758790496
36,57,70,943132120,1886264240
36,57,71,1551191796,3102383592
36,57,72,2204760380,4409520760
36,58,59,-2948565456,-5897130912
36,58,60,-2757570560,-5515141120
36,58,61,-2533307760,-5066615520
36,58,62,-2274557184,-4549114368
36,58,63,-1980098960,-3960197920
36,58,64,-1648713216,-3297426432
36,58,65,-1279180080,-2558360160
36,58,66,-870279680,-1740559360
36,58,67,-420792144,-841584288
36,58,68,70502400,141004800
36,58,69,604823824,1209647648
36,58,70,1183392000,2366784000
36,58,71,1807426800,3614853600
36,58,72,2478148096,4956296192
36,59,60,-2587367124,-5174734248
36,59,61,-2356257276,-4712514552
36,59,62,-2089801512,-4179603024
36,59,63,-1786745736,-3573491472
36,59,64,-1445835852,-2891671704
36,59,65,-1065817764,-2131635528
36,59,66,-645437376,-1290874752
36,59,67,-183440592,-366881184
36,59,68,321426684,642853368
36,59,69,870418548,1740837096
36,59,70,1464789096,2929578192
36,59,71,2105792424,4211584848
36,59,72,2794682628,5589365256
36,60,61,-2144735900,-4289471800
36,60,62,-1869730560,-3739461120
36,60,63,-1557213700,-3114427400
36,60,64,-1205896544,-2411793088
36,60,65,-814490316,-1628980632
36,60,66,-381706240,-763412480
36,60,67,93744460,187488920
36,60,68,613150560,1226301120
36,60,69,1177800836,2355601672
36,60,70,1788984064,3577968128
36,60,71,2447989020,4895978040
36,60,72,3156104480,6312208960
36,61,62,-1612984824,-3225969648
36,61,63,-1290107300,-2580214600
36,61,64,-927463236,-1854926472
36,61,65,-523728720,-1047457440
36,61,66,-77579840,-155159680
36,61,67,412307316,824614632
36,61,68,947256660,1894513320
36,61,69,1528592104,3057184208
36,61,70,2157637560,4315275120
36,61,71,2835716940,5671433880
36,61,72,3564154156,7128308312
36,62,63,-984030984,-1968061968
36,62,64,-609103872,-1218207744
36,62,65,-192063960,-384127920
36,62,66,268448256,536896512
36,62,67,773792280,1547584560
36,62,68,1325327616,2650655232
36,62,69,1924413768,3848827536
36,62,70,2572410240,5144820480
36,62,71,3270676536,6541353072
36,62,72,4020572160,8041144320
36,63,64,-249386396,-498772792
36,63,65,181972980,363945960
36,63,66,657884480,1315768960
36,63,67,1179743656,2359487312
36,63,68,1748946060,3497892120
36,63,69,2366887244,4733774488
36,63,70,3034962760,6069925520
36,63,71,3754568160,7509136320
36,63,72,4527098996,9054197992
36,64,65,599851116,1199702232
36,64,66,1092235264,2184470528
36,64,67,1631705748,3263411496
36,64,68,2219694624,4439389248
36,64,69,2857633948,5715267896
36,64,70,3546955776,7093911552
36,64,71,4289092164,8578184328
36,64,72,5085475168,10170950336
36,65,66,1573007040,3146014080
36,65,67,2131222860,4262445720
36,65,68,2739155940,5478311880
36,65,69,3398275296,6796550592
36,65,70,4110049944,8220099888
36,65,71,4875948900,9751897800
36,65,72,5697441180,11394882360
36,66,67,2679839296,5359678592
36,66,68,3308912640,6617825280
36,66,69,3990432704,7980865408
36,66,70,4725905920,9451811840
36,66,71,5516838720,11033677440
36,66,72,6364737536,12729475072
36,67,68,3930547356,7861094712
36,67,69,4635727588,9271455176
36,67,70,5396184360,10792368720
36,67,71,6213461976,12426923952
36,67,72,7089104740,14178209480
36,68,69,5335781364,10671562728
36,68,70,6122545920,12245091840
36,68,71,6967519020,13935038040
36,68,72,7872283296,15744566592
36,69,70,6906651256,13813302512
36,69,71,7780710204,15561420408
36,69,72,8716013708,17432027416
37,38,39,-1920195216,-3840390432
37,38,40,-2010018360,-4020036720
37,38,41,-2092541744,-4185083488
37,38,42,-2167108272,-4334216544
37,38,43,-2233060848,-4466121696
37,38,44,-2289742376,-4579484752
37,38,45,-2336495760,-4672991520
37,38,46,-2372663904,-4745327808
37,38,47,-2397589712,-4795179424
37,38,48,-2410616088,-4821232176
37,38,49,-2411085936,-4822171872
37,38,50,-2398342160,-4796684320
37,38,51,-2371727664,-4743455328
37,38,52,-2330585352,-4661170704
37,38,53,-2274258128,-4548516256
37,38,54,-2202088896,-4404177792
37,38,55,-2113420560,-4226841120
37,38,56,-2007596024,-4015192048
37,38,57,-1883958192,-3767916384
37,38,58,-1741849968,-3483699936
37,38,59,-1580614256,-3161228512
37,38,60,-1399593960,-2799187920
37,38,61,-1198131984,-2396263968
37,38,62,-975571232,-1951142464
37,38,63,-731254608,-1462509216
37,38,64,-464525016,-929050032
37,38,65,-174725360,-349450720
37,38,66,138801456,277602912
37,38,67,476712528,953425056
37,38,68,839664952,1679329904
37,38,69,1228315824,2456631648
37,38,70,1643322240,3286644480
37,38,71,2085341296,4170682592
37,38,72,2555030088,5110060176
37,38,73,3053045712,6106091424
37,38,74,3580045264,7160090528
37,38,75,4136685840,8273371680
37,39,40,-2126002980,-4252005960
37,39,41,-2218257522,-4436515044
37,39,42,-2302501712,-4605003424
37,39,43,-2378052456,-4756104912
37,39,44,-2444226660,-4888453320
37,39,45,-2500341230,-5000682460
37,39,46,-2545713072,-5091426144
37,39,47,-2579659092,-5159318184
37,39,48,-2601496196,-5202992392
37,39,49,-2610541290,-5221082580
37,39,50,-2606111280,-5212222560
37,39,51,-2587523072,-5175046144
37,39,52,-2554093572,-5108187144
37,39,53,-2505139686,-5010279372
37,39,54,-2439978320,-4879956640
37,39,55,-2357926380,-4715852760
37,39,56,-2258300772,-4516601544
37,39,57,-2140418402,-4280836804
37,39,58,-2003596176,-4007192352
37,39,59,-1847151000,-3694302000
37,39,60,-1670399780,-3340799560
37,39,61,-1472659422,-2945318844
37,39,62,-1253246832,-2506493664
37,39,63,-1011478916,-2022957832
37,39,64,-746672580,-1493345160
37,39,65,-458144730,-916289460
37,39,66,-145212272,-290424544
37,39,67,192807888,385615776
37,39,68,556598844,1113197688
37,39,69,946843690,1893687380
37,39,70,1364225520,2728451040
37,39,71,1809427428,3618854856
37,39,72,2283132508,4566265016
37,39,73,2786023854,5572047708
37,39,74,3318784560,6637569120
37,39,75,3882097720,7764195440
37,40,41,-2337330360,-4674660720
37,40,42,-2431254000,-4862508000
37,40,43,-2516404860,-5032809720
37,40,44,-2592073380,-5184146760
37,40,45,-2657550000,-5315100000
37,40,46,-2712125160,-5424250320
37,40,47,-2755089300,-5510178600
37,40,48,-2785732860,-5571465720
37,40,49,-2803346280,-5606692560
37,40,50,-2807220000,-5614440000
37,40,51,-2796644460,-5593288920
37,40,52,-2770910100,-5541820200
37,40,53,-2729307360,-5458614720
37,40,54,-2671126680,-5342253360
37,40,55,-2595658500,-5191317000
37,40,56,-2502193260,-5004386520
37,40,57,-2390021400,-4780042800
37,40,58,-2258433360,-4516866720
37,40,59,-2106719580,-4213439160
37,40,60,-1934170500,-3868341000
37,40,61,-1740076560,-3480153120
37,40,62,-1523728200,-3047456400
37,40,63,-1284415860,-2568831720
37,40,64,-1021429980,-2042859960
37,40,65,-734061000,-1468122000
37,40,66,-421599360,-843198720
37,40,67,-83335500,-166671000
37,40,68,281440140,562880280
37,40,69,673437120,1346874240
37,40,70,1093365000,2186730000
37,40,71,1541933340,3083866680
37,40,72,2019851700,4039703400
37,40,73,2527829640,5055659280
37,40,74,3066576720,6133153440
37,40,75,3636802500,7273605000
37,41,42,-2552601240,-5105202480
37,41,43,-2647326294,-5294652588
37,41,44,-2732462432,-5464924864
37,41,45,-2807273160,-5614546320
37,41,46,-2871021984,-5742043968
37,41,47,-2922972410,-5845944820
37,41,48,-2962387944,-5924775888
37,41,49,-2988532092,-5977064184
37,41,50,-3000668360,-6001336720
37,41,51,-2998060254,-5996120508
37,41,52,-2979971280,-5959942560
37,41,53,-2945664944,-5891329888
37,41,54,-2894404752,-5788809504
37,41,55,-2825454210,-5650908420
37,41,56,-2738076824,-5476153648
37,41,57,-2631536100,-5263072200
37,41,58,-2505095544,-5010191088
37,41,59,-2358018662,-4716037324
37,41,60,-2189568960,-4379137920
37,41,61,-1999009944,-3998019888
37,41,62,-1785605120,-3571210240
37,41,63,-1548617994,-3097235988
37,41,64,-1287312072,-2574624144
37,41,65,-1000950860,-2001901720
37,41,66,-688797864,-1377595728
37,41,67,-350116590,-700233180
37,41,68,15829456,31658912
37,41,69,409776768,819553536
37,41,70,832461840,1664923680
37,41,71,1284621166,2569242332
37,41,72,1766991240,3533982480
37,41,73,2280308556,4560617112
37,41,74,2825309608,5650619216
37,41,75,3402730890,6805461780
37,42,43,-2770024992,-5540049984
37,42,44,-2864573712,-5729147424
37,42,45,-2948661800,-5897323600
37,42,46,-3021525360,-6043050720
37,42,47,-3082400496,-6164800992
37,42,48,-3130523312,-6261046624
37,42,49,-3165129912,-6330259824
37,42,50,-3185456400,-6370912800
37,42,51,-3190738880,-6381477760
37,42,52,-3180213456,-6360426912
37,42,53,-3153116232,-6306232464
37,42,54,-3108683312,-6217366624
37,42,55,-3046150800,-6092301600
37,42,56,-2964754800,-5929509600
37,42,57,-2863731416,-5727462832
37,42,58,-2742316752,-5484633504
37,42,59,-2599746912,-5199493824
37,42,60,-2435258000,-4870516000
37,42,61,-2248086120,-4496172240
37,42,62,-2037467376,-4074934752
37,42,63,-1802637872,-3605275744
37,42,64,-1542833712,-3085667424
37,42,65,-1257291000,-2514582000
37,42,66,-945245840,-1890491680
37,42,67,-605934336,-1211868672
37,42,68,-238592592,-477185184
37,42,69,157543288,315086576
37,42,70,583237200,1166474400
37,42,71,1039253040,2078506080
37,42,72,1526354704,3052709408
37,42,73,2045306088,4090612176
37,42,74,2596871088,5193742176
37,42,75,3181813600,6363627200
37,43,44,-2987587116,-5975174232
37,43,45,-3080867010,-6161734020
37,43,46,-3162757104,-6325514208
37,43,47,-3232465632,-6464931264
37,43,48,-3289200828,-6578401656
37,43,49,-3332170926,-6664341852
37,43,50,-3360584160,-6721168320
37,43,51,-3373648764,-6747297528
37,43,52,-3370572972,-6741145944
37,43,53,-3350565018,-6701130036
37,43,54,-3312833136,-6625666272
37,43,55,-3256585560,-6513171120
37,43,56,-3181030524,-6362061048
37,43,57,-3085376262,-6170752524
37,43,58,-2968831008,-5937662016
37,43,59,-2830602996,-5661205992
37,43,60,-2669900460,-5339800920
37,43,61,-2485931634,-4971863268
37,43,62,-2277904752,-4555809504
37,43,63,-2045028048,-4090056096
37,43,64,-1786509756,-3573019512
37,43,65,-1501558110,-3003116220
37,43,66,-1189381344,-2378762688
37,43,67,-849187692,-1698375384
37,43,68,-480185388,-960370776
37,43,69,-81582666,-163165332
37,43,70,347412240,694824480
37,43,71,807591096,1615182192
37,43,72,1299745668,2599491336
37,43,73,1824667722,3649335444
37,43,74,2383149024,4766298048
37,43,75,2975981340,5951962680
37,44,45,-3203039880,-6406079760
37,44,46,-3293839032,-6587678064
37,44,47,-3372259892,-6744519784
37,44,48,-3437482356,-6874964712
37,44,49,-3488686320,-6977372640
37,44,50,-3525051680,-7050103360
37,44,51,-3545758332,-7091516664
37,44,52,-3549986172,-7099972344
37,44,53,-3536915096,-7073830192
37,44,54,-3505725000,-7011450000
37,44,55,-3455595780,-6911191560
37,44,56,-3385707332,-6771414664
37,44,57,-3295239552,-6590479104
37,44,58,-3183372336,-6366744672
37,44,59,-3049285580,-6098571160
37,44,60,-2892159180,-5784318360
37,44,61,-2711173032,-5422346064
37,44,62,-2505507032,-5011014064
37,44,63,-2274341076,-4548682152
37,44,64,-2016855060,-4033710120
37,44,65,-1732228880,-3464457760
37,44,66,-1419642432,-2839284864
37,44,67,-1078275612,-2156551224
37,44,68,-707308316,-1414616632
37,44,69,-305920440,-611840880
37,44,70,126708120,253416240
37,44,71,591397468,1182794936
37,44,72,1088967708,2177935416
37,44,73,1620238944,3240477888
37,44,74,2186031280,4372062560
37,44,75,2787164820,5574329640
37,45,46,-3413892960,-6827785920
37,45,47,-3500875350,-7001750700
37,45,48,-3574429760,-7148859520
37,45,49,-3633707280,-7267414560
37,45,50,-3677859000,-7355718000
37,45,51,-3706036010,-7412072020
37,45,52,-3717389400,-7434778800
37,45,53,-3711070260,-7422140520
37,45,54,-3686229680,-7372459360
37,45,55,-3642018750,-7284037500
37,45,56,-3577588560,-7155177120
37,45,57,-3492090200,-6984180400
37,45,58,-3384674760,-6769349520
37,45,59,-3254493330,-6508986660
37,45,60,-3100697000,-6201394000
37,45,61,-2922436860,-5844873720
37,45,62,-2718864000,-5437728000
37,45,63,-2489129510,-4978259020
37,45,64,-2232384480,-4464768960
37,45,65,-1947780000,-3895560000
37,45,66,-1634467160,-3268934320
37,45,67,-1291597050,-2583194100
37,45,68,-918320760,-1836641520
37,45,69,-513789380,-1027578760
37,45,70,-77154000,-154308000
37,45,71,392434290,784868580
37,45,72,895824400,1791648800
37,45,73,1433865240,2867730480
37,45,74,2007405720,4014811440
37,45,75,2617294750,5234589500
37,46,47,-3617404080,-7234808160
37,46,48,-3699104904,-7398209808
37,46,49,-3766264992,-7532529984
37,46,50,-3818006160,-7636012320
37,46,51,-3853450224,-7706900448
37,46,52,-3871719000,-7743438000
37,46,53,-3871934304,-7743868608
37,46,54,-3853217952,-7706435904
37,46,55,-3814691760,-7629383520
37,46,56,-3755477544,-7510955088
37,46,57,-3674697120,-7349394240
37,46,58,-3571472304,-7142944608
37,46,59,-3444924912,-6889849824
37,46,60,-3294176760,-6588353520
37,46,61,-3118349664,-6236699328
37,46,62,-2916565440,-5833130880
37,46,63,-2687945904,-5375891808
37,46,64,-2431612872,-4863225744
37,46,65,-2146688160,-4293376320
37,46,66,-1832293584,-3664587168
37,46,67,-1487550960,-2975101920
37,46,68,-1111582104,-2223164208
37,46,69,-703508832,-1407017664
37,46,70,-262452960,-524905920
37,46,71,212463696,424927392
37,46,72,722119320,1444238640
37,46,73,1267392096,2534784192
37,46,74,1849160208,3698320416
37,46,75,2468301840,4936603680
37,47,48,-3810569652,-7621139304
37,47,49,-3885390642,-7770781284
37,47,50,-3944493200,-7888986400
37,47,51,-3986969400,-7973938800
37,47,52,-4011911316,-8023822632
37,47,53,-4018411022,-8036822044
37,47,54,-4005560592,-8011121184
37,47,55,-3972452100,-7944904200
37,47,56,-3918177620,-7836355240
37,47,57,-3841829226,-7683658452
37,47,58,-3742498992,-7484997984
37,47,59,-3619278992,-7238557984
37,47,60,-3471261300,-6942522600
37,47,61,-3297537990,-6595075980
37,47,62,-3097201136,-6194402272
37,47,63,-2869342812,-5738685624
37,47,64,-2613055092,-5226110184
37,47,65,-2327430050,-4654860100
37,47,66,-2011559760,-4023119520
37,47,67,-1664536296,-3329072592
37,47,68,-1285451732,-2570903464
37,47,69,-873398142,-1746796284
37,47,70,-427467600,-854935200
37,47,71,53247820,106495640
37,47,72,569656044,1139312088
37,47,73,1122664998,2245329996
37,47,74,1713182608,3426365216
37,47,75,2342116800,4684233600
37,48,49,-3990115416,-7980230832
37,48,50,-4056320160,-8112640320
37,48,51,-4105561964,-8211123928
37,48,52,-4136902692,-8273805384
37,48,53,-4149404208,-8298808416
37,48,54,-4142128376,-8284256752
37,48,55,-4114137060,-8228274120
37,48,56,-4064492124,-8128984248
37,48,57,-3992255432,-7984510864
37,48,58,-3896488848,-7792977696
37,48,59,-3776254236,-7552508472
37,48,60,-3630613460,-7261226920
37,48,61,-3458628384,-6917256768
37,48,62,-3259360872,-6518721744
37,48,63,-3031872788,-6063745576
37,48,64,-2775225996,-5550451992
37,48,65,-2488482360,-4976964720
37,48,66,-2170703744,-4341407488
37,48,67,-1820952012,-3641904024
37,48,68,-1438289028,-2876578056
37,48,69,-1021776656,-2043553312
37,48,70,-570476760,-1140953520
37,48,71,-83451204,-166902408
37,48,72,440238148,880476296
37,48,73,1001529432,2003058864
37,48,74,1601360784,3202721568
37,48,75,2240670340,4481340680
37,49,50,-4152487080,-8304974160
37,49,51,-4208196342,-8416392684
37,49,52,-4245629472,-8491258944
37,49,53,-4263817656,-8527635312
37,49,54,-4261792080,-8523584160
37,49,55,-4238583930,-8477167860
37,49,56,-4193224392,-8386448784
37,49,57,-4124744652,-8249489304
37,49,58,-4032175896,-8064351792
37,49,59,-3914549310,-7829098620
37,49,60,-3770896080,-7541792160
37,49,61,-3600247392,-7200494784
37,49,62,-3401634432,-6803268864
37,49,63,-3174088386,-6348176772
37,49,64,-2916640440,-5833280880
37,49,65,-2628321780,-5256643560
37,49,66,-2308163592,-4616327184
37,49,67,-1955197062,-3910394124
37,49,68,-1568453376,-3136906752
37,49,69,-1146963720,-2293927440
37,49,70,-689759280,-1379518560
37,49,71,-195871242,-391742484
37,49,72,335669208,671338416
37,49,73,905830884,1811661768
37,49,74,1515582600,3031165200
37,49,75,2165893170,4331786340
37,50,51,-4293840960,-8587681920
37,50,52,-4337028000,-8674056000
37,50,53,-4360555160,-8721110320
37,50,54,-4363422480,-8726844960
37,50,55,-4344630000,-8689260000
37,50,56,-4303177760,-8606355520
37,50,57,-4238065800,-8476131600
37,50,58,-4148294160,-8296588320
37,50,59,-4032862880,-8065725760
37,50,60,-3890772000,-7781544000
37,50,61,-3721021560,-7442043120
37,50,62,-3522611600,-7045223200
37,50,63,-3294542160,-6589084320
37,50,64,-3035813280,-6071626560
37,50,65,-2745425000,-5490850000
37,50,66,-2422377360,-4844754720
37,50,67,-2065670400,-4131340800
37,50,68,-1674304160,-3348608320
37,50,69,-1247278680,-2494557360
37,50,70,-783594000,-1567188000
37,50,71,-282250160,-564500320
37,50,72,257752800,515505600
37,50,73,837414840,1674829680
37,50,74,1457735920,2915471840
37,50,75,2119716000,4239432000
37,51,52,-4410034620,-8820069240
37,51,53,-4438520514,-8877041028
37,51,54,-4445890352,-8891780704
37,51,55,-4431112560,-8862225120
37,51,56,-4393155564,-8786311128
37,51,57,-4330987790,-8661975580
37,51,58,-4243577664,-8487155328
37,51,59,-4129893612,-8259787224
37,51,60,-3988904060,-7977808120
37,51,61,-3819577434,-7639154868
37,51,62,-3620882160,-7241764320
37,51,63,-3391786664,-6783573328
37,51,64,-3131259372,-6262518744
37,51,65,-2838268710,-5676537420
37,51,66,-2511783104,-5023566208
37,51,67,-2150770980,-4301541960
37,51,68,-1754200764,-3508401528
37,51,69,-1321040882,-2642081764
37,51,70,-850259760,-1700519520
37,51,71,-340825824,-681651648
37,51,72,208292500,416585000
37,51,73,798126786,1596253572
37,51,74,1429708608,2859417216
37,51,75,2104069540,4208139080
37,52,53,-4496617512,-8993235024
37,52,54,-4508066472,-9016132944
37,52,55,-4496868900,-8993737800
37,52,56,-4461961140,-8923922280
37,52,57,-4402279536,-8804559072
37,52,58,-4316760432,-8633520864
37,52,59,-4204340172,-8408680344
37,52,60,-4063955100,-8127910200
37,52,61,-3894541560,-7789083120
37,52,62,-3695035896,-7390071792
37,52,63,-3464374452,-6928748904
37,52,64,-3201493572,-6402987144
37,52,65,-2905329600,-5810659200
37,52,66,-2574818880,-5149637760
37,52,67,-2208897756,-4417795512
37,52,68,-1806502572,-3613005144
37,52,69,-1366569672,-2733139344
37,52,70,-888035400,-1776070800
37,52,71,-369836100,-739672200
37,52,72,189091884,378183768
37,52,73,789812208,1579624416
37,52,74,1433388528,2866777056
37,52,75,2120884500,4241769000
37,53,54,-4548821616,-9097643232
37,53,55,-4540736310,-9081472620
37,53,56,-4508397824,-9016795648
37,53,57,-4450709952,-8901419904
37,53,58,-4366576488,-8733152976
37,53,59,-4254901226,-8509802452
37,53,60,-4114587960,-8229175920
37,53,61,-3944540484,-7889080968
37,53,62,-3743662592,-7487325184
37,53,63,-3510858078,-7021716156
37,53,64,-3245030736,-6490061472
37,53,65,-2945084360,-5890168720
37,53,66,-2609922744,-5219845488
37,53,67,-2238449682,-4476899364
37,53,68,-1829568968,-3659137936
37,53,69,-1382184396,-2764368792
37,53,70,-895199760,-1790399520
37,53,71,-367518854,-735037708
37,53,72,201954528,403909056
37,53,73,814316592,1628633184
37,53,74,1470663544,2941327088
37,53,75,2172091590,4344183180
37,54,55,-4561552080,-9123104160
37,54,56,-4531268952,-9062537904
37,54,57,-4475047952,-8950095904
37,54,58,-4391759856,-8783519712
37,54,59,-4280275440,-8560550880
37,54,60,-4139465480,-8278930960
37,54,61,-3968200752,-7936401504
37,54,62,-3765352032,-7530704064
37,54,63,-3529790096,-7059580192
37,54,64,-3260385720,-6520771440
37,54,65,-2956009680,-5912019360
37,54,66,-2615532752,-5231065504
37,54,67,-2237825712,-4475651424
37,54,68,-1821759336,-3643518672
37,54,69,-1366204400,-2732408800
37,54,70,-870031680,-1740063360
37,54,71,-332111952,-664223904
37,54,72,248684008,497368016
37,54,73,873485424,1746970848
37,54,74,1543421520,3086843040
37,54,75,2259621520,4519243040
37,55,56,-4529377860,-9058755720
37,55,57,-4474062450,-8948124900
37,55,58,-4391044560,-8782089120
37,55,59,-4279161480,-8558322960
37,55,60,-4137250500,-8274501000
37,55,61,-3964148910,-7928297820
37,55,62,-3758694000,-7517388000
37,55,63,-3519723060,-7039446120
37,55,64,-3246073380,-6492146760
37,55,65,-2936582250,-5873164500
37,55,66,-2590086960,-5180173920
37,55,67,-2205424800,-4410849600
37,55,68,-1781433060,-3562866120
37,55,69,-1316949030,-2633898060
37,55,70,-810810000,-1621620000
37,55,71,-261853260,-523706520
37,55,72,331083900,662167800
37,55,73,969164190,1938328380
37,55,74,1653550320,3307100640
37,55,75,2385405000,4770810000
37,56,57,-4446522360,-8893044720
37,56,58,-4363164624,-8726329248
37,56,59,-4250258012,-8500516024
37,56,60,-4106605860,-8213211720
37,56,61,-3931011504,-7862023008
37,56,62,-3722278280,-7444556560
37,56,63,-3479209524,-6958419048
37,56,64,-3200608572,-6401217144
37,56,65,-2885278760,-5770557520
37,56,66,-2532023424,-5064046848
37,56,67,-2139645900,-4279291800
37,56,68,-1706949524,-3413899048
37,56,69,-1232737632,-2465475264
37,56,70,-715813560,-1431627120
37,56,71,-154980644,-309961288
37,56,72,450957780,901915560
37,56,73,1103198376,2206396752
37,56,74,1802937808,3605875616
37,56,75,2551372740,5102745480
37,57,58,-4306854072,-8613708144
37,57,59,-4192263702,-8384527404
37,57,60,-4046194400,-8092388800
37,57,61,-3867415080,-7734830160
37,57,62,-3654694656,-7309389312
37,57,63,-3406802042,-6813604084
37,57,64,-3122506152,-6245012304
37,57,65,-2800575900,-5601151800
37,57,66,-2439780200,-4879560400
37,57,67,-2038887966,-4077775932
37,57,68,-1596668112,-3193336224
37,57,69,-1111889552,-2223779104
37,57,70,-583321200,-1166642400
37,57,71,-9731970,-19463940
37,57,72,610109224,1220218448
37,57,73,1277433468,2554866936
37,57,74,1993471848,3986943696
37,57,75,2759455450,5518910900
37,58,59,-4103877216,-8207754432
37,58,60,-3954678960,-7909357920
37,58,61,-3771986184,-7543972368
37,58,62,-3554532912,-7109065824
37,58,63,-3301053168,-6602106336
37,58,64,-3010280976,-6020561952
37,58,65,-2680950360,-5361900720
37,58,66,-2311795344,-4623590688
37,58,67,-1901549952,-3803099904
37,58,68,-1448948208,-2897896416
37,58,69,-952724136,-1905448272
37,58,70,-411611760,-823223520
37,58,71,175654896,351309792
37,58,72,810341808,1620683616
37,58,73,1493714952,2987429904
37,58,74,2227040304,4454080608
37,58,75,3011583840,6023167680
37,59,60,-3830722380,-7661444760
37,59,61,-3643351362,-7286702724
37,59,62,-3420382832,-6840765664
37,59,63,-3160515456,-6321030912
37,59,64,-2862447900,-5724895800
37,59,65,-2524878830,-5049757660
37,59,66,-2146506912,-4293013824
37,59,67,-1726030812,-3452061624
37,59,68,-1262149196,-2524298392
37,59,69,-753560730,-1507121460
37,59,70,-198964080,-397928160
37,59,71,402942088,805884176
37,59,72,1053459108,2106918216
37,59,73,1753888314,3507776628
37,59,74,2505531040,5011062080
37,59,75,3309688620,6619377240
37,60,61,-3480137160,-6960274320
37,60,62,-3250834200,-6501668400
37,60,63,-2983741460,-5967482920
37,60,64,-2677521780,-5355043560
37,60,65,-2330838000,-4661676000
37,60,66,-1942352960,-3884705920
37,60,67,-1510729500,-3021459000
37,60,68,-1034630460,-2069260920
37,60,69,-512718680,-1025437360
37,60,70,56343000,112686000
37,60,71,673891740,1347783480
37,60,72,1341264700,2682529400
37,60,73,2059799040,4119598080
37,60,74,2830831920,5661663840
37,60,75,3655700500,7311401000
37,61,62,-3044476800,-6088953600
37,61,63,-2769283734,-5538567468
37,61,64,-2454017472,-4908034944
37,61,65,-2097304560,-4194609120
37,61,66,-1697771544,-3395543088
37,61,67,-1254044970,-2508089940
37,61,68,-764751384,-1529502768
37,61,69,-228517332,-457034664
37,61,70,356030640,712061280
37,61,71,990265986,1980531972
37,61,72,1675562160,3351124320
37,61,73,2413292616,4826585232
37,61,74,3204830808,6409661616
37,61,75,4051550190,8103100380
37,62,63,-2515694832,-5031389664
37,62,64,-2190449832,-4380899664
37,62,65,-1822755200,-3645510400
37,62,66,-1411200720,-2822401440
37,62,67,-954376176,-1908752352
37,62,68,-450871352,-901742704
37,62,69,100723968,201447936
37,62,70,701820000,1403640000
37,62,71,1353826960,2707653920
37,62,72,2058155064,4116310128
37,62,73,2816214528,5632429056
37,62,74,3629415568,7258831136
37,62,75,4499168400,8998336800
37,63,64,-1885333716,-3770667432
37,63,65,-1505666610,-3011333220
37,63,66,-1081078544,-2162157088
37,63,67,-610122072,-1220244144
37,63,68,-91349748,-182699496
37,63,69,476685874,953371748
37,63,70,1095432240,2190864480
37,63,71,1766336796,3532673592
37,63,72,2490846988,4981693976
37,63,73,3270410262,6540820524
37,63,74,4106474064,8212948128
37,63,75,5000485840,10000971680
37,64,65,-1144515480,-2289030960
37,64,66,-705843072,-1411686144
37,64,67,-219681612,-439363224
37,64,68,315454044,630908088
37,64,69,901049040,1802098080
37,64,70,1538588520,3077177040
37,64,71,2229557628,4459115256
37,64,72,2975441508,5950883016
37,64,73,3777725304,7555450608
37,64,74,4637894160,9275788320
37,64,75,5557433220,11114866440
37,65,66,-283932360,-567864720
37,65,67,218546250,437092500
37,65,68,771180640,1542361280
37,65,69,1375494120,2750988240
37,65,70,2033010000,4066020000
37,65,71,2745251590,5490503180
37,65,72,3513742200,7027484400
37,65,73,4340005140,8680010280
37,65,74,5225563720,10451127440
37,65,75,6171941250,12343882500
37,66,67,706162560,1412325120
37,66,68,1277470656,2554941312
37,66,69,1901701768,3803403536
37,66,70,2580417840,5160835680
37,66,71,3315180816,6630361632
37,66,72,4107552640,8215105280
37,66,73,4959095256,9918190512
37,66,74,5871370608,11742741216
37,66,75,6845940640,13691881280
37,67,68,1835964708,3671929416
37,67,69,2481352638,4962705276
37,67,70,3182533200,6365066400
37,67,71,3941107440,7882214880
37,67,72,4758676404,9517352808
37,67,73,5636841138,11273682276
37,67,74,6577202688,13154405376
37,67,75,7581362100,15162724200
37,68,69,3116127384,6232254768
37,68,70,3841077240,7682154480
37,68,71,4624793596,9249587192
37,68,72,5468917068,10937834136
37,68,73,6375088272,12750176544
37,68,74,7344947824,14689895648
37,68,75,8380136340,16760272680
37,69,70,4557771120,9115542240
37,69,71,5368001418,10736002836
37,69,72,6240078208,12480156416
37,69,73,7175682144,14351364288
37,69,74,8176493880,16352987760
37,69,75,9244194070,18488388140
37,70,71,6172493040,12344986080
37,70,72,7073963400,14147926800
37,70,73,8040468240,16080936480
37,70,74,9073728720,18147457440
37,70,75,10175466000,20350932000
37,71,72,7972376220,15944752440
37,71,73,8971292046,17942584092
37,71,74,10038540208,20077080416
37,71,75,11175882840,22351765680
38,39,40,-2273828040,-4547656080
38,39,41,-2378044656,-4756089312
38,39,42,-2474246736,-4948493472
38,39,43,-2561723856,-5123447712
38,39,44,-2639765592,-5279531184
38,39,45,-2707661520,-5415323040
38,39,46,-2764701216,-5529402432
38,39,47,-2810174256,-5620348512
38,39,48,-2843370216,-5686740432
38,39,49,-2863578672,-5727157344
38,39,50,-2870089200,-5740178400
38,39,51,-2862191376,-5724382752
38,39,52,-2839174776,-5678349552
38,39,53,-2800328976,-5600657952
38,39,54,-2744943552,-5489887104
38,39,55,-2672308080,-5344616160
38,39,56,-2581712136,-5163424272
38,39,57,-2472445296,-4944890592
38,39,58,-2343797136,-4687594272
38,39,59,-2195057232,-4390114464
38,39,60,-2025515160,-4051030320
38,39,61,-1834460496,-3668920992
38,39,62,-1621182816,-3242365632
38,39,63,-1384971696,-2769943392
38,39,64,-1125116712,-2250233424
38,39,65,-840907440,-1681814880
38,39,66,-531633456,-1063266912
38,39,67,-196584336,-393168672
38,39,68,164950344,329900688
38,39,69,553681008,1107362016
38,39,70,970318080,1940636160
38,39,71,1415571984,2831143968
38,39,72,1890153144,3780306288
38,39,73,2394771984,4789543968
38,39,74,2930138928,5860277856
38,39,75,3496964400,6993928800
38,39,76,4095958824,8191917648
38,39,77,4727832624,9455665248
38,40,41,-2511378200,-5022756400
38,40,42,-2618461440,-5236922880
38,40,43,-2716766376,-5433532752
38,40,44,-2805555200,-5611110400
38,40,45,-2884090104,-5768180208
38,40,46,-2951633280,-5903266560
38,40,47,-3007446920,-6014893840
38,40,48,-3050793216,-6101586432
38,40,49,-3080934360,-6161868720
38,40,50,-3097132544,-6194265088
38,40,51,-3098649960,-6197299920
38,40,52,-3084748800,-6169497600
38,40,53,-3054691256,-6109382512
38,40,54,-3007739520,-6015479040
38,40,55,-2943155784,-5886311568
38,40,56,-2860202240,-5720404480
38,40,57,-2758141080,-5516282160
38,40,58,-2636234496,-5272468992
38,40,59,-2493744680,-4987489360
38,40,60,-2329933824,-4659867648
38,40,61,-2144064120,-4288128240
38,40,62,-1935397760,-3870795520
38,40,63,-1703196936,-3406393872
38,40,64,-1446723840,-2893447680
38,40,65,-1165240664,-2330481328
38,40,66,-858009600,-1716019200
38,40,67,-524292840,-1048585680
38,40,68,-163352576,-326705152
38,40,69,225549000,451098000
38,40,70,643149696,1286299392
38,40,71,1090187320,2180374640
38,40,72,1567399680,3134799360
38,40,73,2075524584,4151049168
38,40,74,2615299840,5230599680
38,40,75,3187463256,6374926512
38,40,76,3792752640,7585505280
38,40,77,4431905800,8863811600
38,41,42,-2755381104,-5510762208
38,41,43,-2864519120,-5729038240
38,41,44,-2964060616,-5928121232
38,41,45,-3053239920,-6106479840
38,41,46,-3131291360,-6262582720
38,41,47,-3197449264,-6394898528
38,41,48,-3250947960,-6501895920
38,41,49,-3291021776,-6582043552
38,41,50,-3316905040,-6633810080
38,41,51,-3327832080,-6655664160
38,41,52,-3323037224,-6646074448
38,41,53,-3301754800,-6603509600
38,41,54,-3263219136,-6526438272
38,41,55,-3206664560,-6413329120
38,41,56,-3131325400,-6262650800
38,41,57,-3036435984,-6072871968
38,41,58,-2921230640,-5842461280
38,41,59,-2784943696,-5569887392
38,41,60,-2626809480,-5253618960
38,41,61,-2446062320,-4892124640
38,41,62,-2241936544,-4483873088
38,41,63,-2013666480,-4027332960
38,41,64,-1760486456,-3520972912
38,41,65,-1481630800,-2963261600
38,41,66,-1176333840,-2352667680
38,41,67,-843829904,-1687659808
38,41,68,-483353320,-966706640
38,41,69,-94138416,-188276832
38,41,70,324580480,649160960
38,41,71,773569040,1547138080
38,41,72,1253592936,2507185872
38,41,73,1765417840,3530835680
38,41,74,2309809424,4619618848
38,41,75,2887533360,5775066720
38,41,76,3499355320,6998710640
38,41,77,4146040976,8292081952
38,42,43,-3004159248,-6008318496
38,42,44,-3114429696,-6228859392
38,42,45,-3214229040,-6428458080
38,42,46,-3302763264,-6605526528
38,42,47,-3379238352,-6758476704
38,42,48,-3442860288,-6885720576
38,42,49,-3492835056,-6985670112
38,42,50,-3528368640,-7056737280
38,42,51,-3548667024,-7097334048
38,42,52,-3552936192,-7105872384
38,42,53,-3540382128,-7080764256
38,42,54,-3510210816,-7020421632
38,42,55,-3461628240,-6923256480
38,42,56,-3393840384,-6787680768
38,42,57,-3306053232,-6612106464
38,42,58,-3197472768,-6394945536
38,42,59,-3067304976,-6134609952
38,42,60,-2914755840,-5829511680
38,42,61,-2739031344,-5478062688
38,42,62,-2539337472,-5078674944
38,42,63,-2314880208,-4629760416
38,42,64,-2064865536,-4129731072
38,42,65,-1788499440,-3576998880
38,42,66,-1484987904,-2969975808
38,42,67,-1153536912,-2307073824
38,42,68,-793352448,-1586704896
38,42,69,-403640496,-807280992
38,42,70,16392960,32785920
38,42,71,467541936,935083872
38,42,72,950600448,1901200896
38,42,73,1466362512,2932725024
38,42,74,2015622144,4031244288
38,42,75,2599173360,5198346720
38,42,76,3217810176,6435620352
38,42,77,3872326608,7744653216
38,43,44,-3255810296,-6511620592
38,43,45,-3366175536,-6732351072
38,43,46,-3465136800,-6930273600
38,43,47,-3551871248,-7103742496
38,43,48,-3625556040,-7251112080
38,43,49,-3685368336,-7370736672
38,43,50,-3730485296,-7460970592
38,43,51,-3760084080,-7520168160
38,43,52,-3773341848,-7546683696
38,43,53,-3769435760,-7538871520
38,43,54,-3747542976,-7495085952
38,43,55,-3706840656,-7413681312
38,43,56,-3646505960,-7293011920
38,43,57,-3565716048,-7131432096
38,43,58,-3463648080,-6927296160
38,43,59,-3339479216,-6678958432
38,43,60,-3192386616,-6384773232
38,43,61,-3021547440,-6043094880
38,43,62,-2826138848,-5652277696
38,43,63,-2605338000,-5210676000
38,43,64,-2358322056,-4716644112
38,43,65,-2084268176,-4168536352
38,43,66,-1782353520,-3564707040
38,43,67,-1451755248,-2903510496
38,43,68,-1091650520,-2183301040
38,43,69,-701216496,-1402432992
38,43,70,-279630336,-559260672
38,43,71,173930800,347861600
38,43,72,660289752,1320579504
38,43,73,1180269360,2360538720
38,43,74,1734692464,3469384928
38,43,75,2324381904,4648763808
38,43,76,2950160520,5900321040
38,43,77,3612851152,7225702304
38,44,45,-3508197480,-7016394960
38,44,46,-3617499776,-7234999552
38,44,47,-3714405016,-7428810032
38,44,48,-3798061056,-7596122112
38,44,49,-3867615752,-7735231504
38,44,50,-3922216960,-7844433920
38,44,51,-3961012536,-7922025072
38,44,52,-3983150336,-7966300672
38,44,53,-3987778216,-7975556432
38,44,54,-3974044032,-7948088064
38,44,55,-3941095640,-7882191280
38,44,56,-3888080896,-7776161792
38,44,57,-3814147656,-7628295312
38,44,58,-3718443776,-7436887552
38,44,59,-3600117112,-7200234224
38,44,60,-3458315520,-6916631040
38,44,61,-3292186856,-6584373712
38,44,62,-3100878976,-6201757952
38,44,63,-2883539736,-5767079472
38,44,64,-2639316992,-5278633984
38,44,65,-2367358600,-4734717200
38,44,66,-2066812416,-4133624832
38,44,67,-1736826296,-3473652592
38,44,68,-1376548096,-2753096192
38,44,69,-985125672,-1970251344
38,44,70,-561706880,-1123413760
38,44,71,-105439576,-210879152
38,44,72,384528384,769056768
38,44,73,909049144,1818098288
38,44,74,1468974848,2937949696
38,44,75,2065157640,4130315280
38,44,76,2698449664,5396899328
38,44,77,3369703064,6739406128
38,45,46,-3758940000,-7517880000
38,45,47,-3865896720,-7731793440
38,45,48,-3959401176,-7918802352
38,45,49,-4038571440,-8077142880
38,45,50,-4102525584,-8205051168
38,45,51,-4150381680,-8300763360
38,45,52,-4181257800,-8362515600
38,45,53,-4194272016,-8388544032
38,45,54,-4188542400,-8377084800
38,45,55,-4163187024,-8326374048
38,45,56,-4117323960,-8234647920
38,45,57,-4050071280,-8100142560
38,45,58,-3960547056,-7921094112
38,45,59,-3847869360,-7695738720
38,45,60,-3711156264,-7422312528
38,45,61,-3549525840,-7099051680
38,45,62,-3362096160,-6724192320
38,45,63,-3147985296,-6295970592
38,45,64,-2906311320,-5812622640
38,45,65,-2636192304,-5272384608
38,45,66,-2336746320,-4673492640
38,45,67,-2007091440,-4014182880
38,45,68,-1646345736,-3292691472
38,45,69,-1253627280,-2507254560
38,45,70,-828054144,-1656108288
38,45,71,-368744400,-737488800
38,45,72,125183880,250367760
38,45,73,654612624,1309225248
38,45,74,1220423760,2440847520
38,45,75,1823499216,3646998432
38,45,76,2464720920,4929441840
38,45,77,3144970800,6289941600
38,46,47,-4005403424,-8010806848
38,46,48,-4108602240,-8217204480
38,46,49,-4197229536,-8394459072
38,46,50,-4270373120,-8540746240
38,46,51,-4327120800,-8654241600
38,46,52,-4366560384,-8733120768
38,46,53,-4387779680,-8775559360
38,46,54,-4389866496,-8779732992
38,46,55,-4371908640,-8743817280
38,46,56,-4332993920,-8665987840
38,46,57,-4272210144,-8544420288
38,46,58,-4188645120,-8377290240
38,46,59,-4081386656,-8162773312
38,46,60,-3949522560,-7899045120
38,46,61,-3792140640,-7584281280
38,46,62,-3608328704,-7216657408
38,46,63,-3397174560,-6794349120
38,46,64,-3157766016,-6315532032
38,46,65,-2889190880,-5778381760
38,46,66,-2590536960,-5181073920
38,46,67,-2260892064,-4521784128
38,46,68,-1899344000,-3798688000
38,46,69,-1504980576,-3009961152
38,46,70,-1076889600,-2153779200
38,46,71,-614158880,-1228317760
38,46,72,-115876224,-231752448
38,46,73,418870560,837741120
38,46,74,990993664,1981987328
38,46,75,1601405280,3202810560
38,46,76,2251017600,4502035200
38,46,77,2940742816,5881485632
38,47,48,-4244690088,-8489380176
38,47,49,-4342584176,-8685168352
38,47,50,-4424721520,-8849443040
38,47,51,-4490159184,-8980318368
38,47,52,-4537954232,-9075908464
38,47,53,-4567163728,-9134327456
38,47,54,-4576844736,-9153689472
38,47,55,-4566054320,-9132108640
38,47,56,-4533849544,-9067699088
38,47,57,-4479287472,-8958574944
38,47,58,-4401425168,-8802850336
38,47,59,-4299319696,-8598639392
38,47,60,-4172028120,-8344056240
38,47,61,-4018607504,-8037215008
38,47,62,-3838114912,-7676229824
38,47,63,-3629607408,-7259214816
38,47,64,-3392142056,-6784284112
38,47,65,-3124775920,-6249551840
38,47,66,-2826566064,-5653132128
38,47,67,-2496569552,-4993139104
38,47,68,-2133843448,-4267686896
38,47,69,-1737444816,-3474889632
38,47,70,-1306430720,-2612861440
38,47,71,-839858224,-1679716448
38,47,72,-336784392,-673568784
38,47,73,203733712,407467424
38,47,74,782639024,1565278048
38,47,75,1400874480,2801748960
38,47,76,2059383016,4118766032
38,47,77,2759107568,5518215136
38,48,49,-4473629496,-8947258992
38,48,50,-4564532736,-9129065472
38,48,51,-4638426120,-9276852240
38,48,52,-4694335488,-9388670976
38,48,53,-4731286680,-9462573360
38,48,54,-4748305536,-9496611072
38,48,55,-4744417896,-9488835792
38,48,56,-4718649600,-9437299200
38,48,57,-4670026488,-9340052976
38,48,58,-4597574400,-9195148800
38,48,59,-4500319176,-9000638352
38,48,60,-4377286656,-8754573312
38,48,61,-4227502680,-8455005360
38,48,62,-4049993088,-8099986176
38,48,63,-3843783720,-7687567440
38,48,64,-3607900416,-7215800832
38,48,65,-3341369016,-6682738032
38,48,66,-3043215360,-6086430720
38,48,67,-2712465288,-5424930576
38,48,68,-2348144640,-4696289280
38,48,69,-1949279256,-3898558512
38,48,70,-1514894976,-3029789952
38,48,71,-1044017640,-2088035280
38,48,72,-535673088,-1071346176
38,48,73,11112840,22225680
38,48,74,597314304,1194628608
38,48,75,1223905464,2447810928
38,48,76,1891860480,3783720960
38,48,77,2602153512,5204307024
38,49,50,-4688768720,-9377537440
38,49,51,-4770850896,-9541701792
38,49,52,-4834600296,-9669200592
38,49,53,-4879011056,-9758022112
38,49,54,-4903077312,-9806154624
38,49,55,-4905793200,-9811586400
38,49,56,-4886152856,-9772305712
38,49,57,-4843150416,-9686300832
38,49,58,-4775780016,-9551560032
38,49,59,-4683035792,-9366071584
38,49,60,-4563911880,-9127823760
38,49,61,-4417402416,-8834804832
38,49,62,-4242501536,-8485003072
38,49,63,-4038203376,-8076406752
38,49,64,-3803502072,-7607004144
38,49,65,-3537391760,-7074783520
38,49,66,-3238866576,-6477733152
38,49,67,-2906920656,-5813841312
38,49,68,-2540548136,-5081096272
38,49,69,-2138743152,-4277486304
38,49,70,-1700499840,-3400999680
38,49,71,-1224812336,-2449624672
38,49,72,-710674776,-1421349552
38,49,73,-157081296,-314162592
38,49,74,436973968,873947936
38,49,75,1072496880,2144993760
38,49,76,1750493304,3500986608
38,49,77,2471969104,4943938208
38,50,51,-4886362800,-9772725600
38,50,52,-4957644800,-9915289600
38,50,53,-5009199376,-10018398752
38,50,54,-5039988480,-10079976960
38,50,55,-5048974064,-10097948128
38,50,56,-5035118080,-10070236160
38,50,57,-4997382480,-9994764960
38,50,58,-4934729216,-9869458432
38,50,59,-4846120240,-9692240480
38,50,60,-4730517504,-9461035008
38,50,61,-4586882960,-9173765920
38,50,62,-4414178560,-8828357120
38,50,63,-4211366256,-8422732512
38,50,64,-3977408000,-7954816000
38,50,65,-3711265744,-7422531488
38,50,66,-3411901440,-6823802880
38,50,67,-3078277040,-6156554080
38,50,68,-2709354496,-5418708992
38,50,69,-2304095760,-4608191520
38,50,70,-1861462784,-3722925568
38,50,71,-1380417520,-2760835040
38,50,72,-859921920,-1719843840
38,50,73,-298937936,-597875872
38,50,74,303572480,607144960
38,50,75,948647376,1897294752
38,50,76,1637324800,3274649600
38,50,77,2370642800,4741285600
38,51,52,-5062365144,-10124730288
38,51,53,-5120714160,-10241428320
38,51,54,-5157867456,-10315734912
38,51,55,-5172754320,-10345508640
38,51,56,-5164304040,-10328608080
38,51,57,-5131445904,-10262891808
38,51,58,-5073109200,-10146218400
38,51,59,-4988223216,-9976446432
38,51,60,-4875717240,-9751434480
38,51,61,-4734520560,-9469041120
38,51,62,-4563562464,-9127124928
38,51,63,-4361772240,-8723544480
38,51,64,-4128079176,-8256158352
38,51,65,-3861412560,-7722825120
38,51,66,-3560701680,-7121403360
38,51,67,-3224875824,-6449751648
38,51,68,-2852864280,-5705728560
38,51,69,-2443596336,-4887192672
38,51,70,-1996001280,-3992002560
38,51,71,-1509008400,-3018016800
38,51,72,-981546984,-1963093968
38,51,73,-412546320,-825092640
38,51,74,199064304,398128608
38,51,75,854355600,1708711200
38,51,76,1554398280,3108796560
38,51,77,2300263056,4600526112
38,52,53,-5212417928,-10424835856
38,52,54,-5255542656,-10511085312
38,52,55,-5275927800,-10551855600
38,52,56,-5272469504,-10544939008
38,52,57,-5244063912,-10488127824
38,52,58,-5189607168,-10379214336
38,52,59,-5107995416,-10215990832
38,52,60,-4998124800,-9996249600
38,52,61,-4858891464,-9717782928
38,52,62,-4689191552,-9378383104
38,52,63,-4487921208,-8975842416
38,52,64,-4253976576,-8507953152
38,52,65,-3986253800,-7972507600
38,52,66,-3683649024,-7367298048
38,52,67,-3345058392,-6690116784
38,52,68,-2969378048,-5938756096
38,52,69,-2555504136,-5111008272
38,52,70,-2102332800,-4204665600
38,52,71,-1608760184,-3217520368
38,52,72,-1073682432,-2147364864
38,52,73,-495995688,-991991376
38,52,74,125403904,250807808
38,52,75,791620200,1583240400
38,52,76,1503757056,3007514112
38,52,77,2262918328,4525836656
38,53,54,-5331842496,-10663684992
38,53,55,-5357288336,-10714576672
38,53,56,-5358373240,-10716746480
38,53,57,-5333959728,-10667919456
38,53,58,-5282910320,-10565820640
38,53,59,-5204087536,-10408175072
38,53,60,-5096353896,-10192707792
38,53,61,-4958571920,-9917143840
38,53,62,-4789604128,-9579208256
38,53,63,-4588313040,-9176626080
38,53,64,-4353561176,-8707122352
38,53,65,-4084211056,-8168422112
38,53,66,-3779125200,-7558250400
38,53,67,-3437166128,-6874332256
38,53,68,-3057196360,-6114392720
38,53,69,-2638078416,-5276156832
38,53,70,-2178674816,-4357349632
38,53,71,-1677848080,-3355696160
38,53,72,-1134460728,-2268921456
38,53,73,-547375280,-1094750560
38,53,74,84545744,169091488
38,53,75,762439824,1524879648
38,53,76,1487444440,2974888880
38,53,77,2260697072,4521394144
38,54,55,-5415629760,-10831259520
38,54,56,-5420774016,-10841548032
38,54,57,-5399856576,-10799713152
38,54,58,-5351705856,-10703411712
38,54,59,-5275150272,-10550300544
38,54,60,-5169018240,-10338036480
38,54,61,-5032138176,-10064276352
38,54,62,-4863338496,-9726676992
38,54,63,-4661447616,-9322895232
38,54,64,-4425293952,-8850587904
38,54,65,-4153705920,-8307411840
38,54,66,-3845511936,-7691023872
38,54,67,-3499540416,-6999080832
38,54,68,-3114619776,-6229239552
38,54,69,-2689578432,-5379156864
38,54,70,-2223244800,-4446489600
38,54,71,-1714447296,-3428894592
38,54,72,-1162014336,-2324028672
38,54,73,-564774336,-1129548672
38,54,74,78444288,156888576
38,54,75,768813120,1537626240
38,54,76,1507503744,3015007488
38,54,77,2295687744,4591375488
38,55,56,-5458430600,-10916861200
38,55,57,-5440477680,-10880955360
38,55,58,-5394680976,-10789361952
38,55,59,-5319834320,-10639668640
38,55,60,-5214731544,-10429463088
38,55,61,-5078166480,-10156332960
38,55,62,-4908932960,-9817865920
38,55,63,-4705824816,-9411649632
38,55,64,-4467635880,-8935271760
38,55,65,-4193159984,-8386319968
38,55,66,-3881190960,-7762381920
38,55,67,-3530522640,-7061045280
38,55,68,-3139948856,-6279897712
38,55,69,-2708263440,-5416526880
38,55,70,-2234260224,-4468520448
38,55,71,-1716733040,-3433466080
38,55,72,-1154475720,-2308951440
38,55,73,-546282096,-1092564192
38,55,74,109054000,218108000
38,55,75,812738736,1625477472
38,55,76,1565978280,3131956560
38,55,77,2369978800,4739957600
38,56,57,-5454546264,-10909092528
38,56,58,-5410522880,-10821045760
38,56,59,-5336790376,-10673580752
38,56,60,-5232107520,-10464215040
38,56,61,-5095233080,-10190466160
38,56,62,-4924925824,-9849851648
38,56,63,-4719944520,-9439889040
38,56,64,-4479047936,-8958095872
38,56,65,-4200994840,-8401989680
38,56,66,-3884544000,-7769088000
38,56,67,-3528454184,-7056908368
38,56,68,-3131484160,-6262968320
38,56,69,-2692392696,-5384785392
38,56,70,-2209938560,-4419877120
38,56,71,-1682880520,-3365761040
38,56,72,-1109977344,-2219954688
38,56,73,-489987800,-979975600
38,56,74,178329344,356658688
38,56,75,896215320,1792430640
38,56,76,1664911360,3329822720
38,56,77,2485658696,4971317392
38,57,58,-5397918768,-10795837536
38,57,59,-5324669136,-10649338272
38,57,60,-5219759880,-10439519760
38,57,61,-5081914224,-10163828448
38,57,62,-4909855392,-9819710784
38,57,63,-4702306608,-9404613216
38,57,64,-4457991096,-8915982192
38,57,65,-4175632080,-8351264160
38,57,66,-3853952784,-7707905568
38,57,67,-3491676432,-6983352864
38,57,68,-3087526248,-6175052496
38,57,69,-2640225456,-5280450912
38,57,70,-2148497280,-4296994560
38,57,71,-1611064944,-3222129888
38,57,72,-1026651672,-2053303344
38,57,73,-393980688,-787961376
38,57,74,288224784,576449568
38,57,75,1021241520,2042483040
38,57,76,1806346296,3612692592
38,57,77,2644815888,5289631776
38,58,59,-5282121296,-10564242592
38,58,60,-5176302336,-10352604672
38,58,61,-5036786160,-10073572320
38,58,62,-4862259968,-9724519936
38,58,63,-4651410960,-9302821920
38,58,64,-4402926336,-8805852672
38,58,65,-4115493296,-8230986592
38,58,66,-3787799040,-7575598080
38,58,67,-3418530768,-6837061536
38,58,68,-3006375680,-6012751360
38,58,69,-2550020976,-5100041952
38,58,70,-2048153856,-4096307712
38,58,71,-1499461520,-2998923040
38,58,72,-902631168,-1805262336
38,58,73,-256350000,-512700000
38,58,74,440694784,881389568
38,58,75,1189815984,2379631968
38,58,76,1992326400,3984652800
38,58,77,2849538832,5699077664
38,59,60,-5100348600,-10200697200
38,59,61,-4958425136,-9916850272
38,59,62,-4780677856,-9561355712
38,59,63,-4565757456,-9131514912
38,59,64,-4312314632,-8624629264
38,59,65,-4019000080,-8038000160
38,59,66,-3684464496,-7368928992
38,59,67,-3307358576,-6614717152
38,59,68,-2886333016,-5772666032
38,59,69,-2420038512,-4840077024
38,59,70,-1907125760,-3814251520
38,59,71,-1346245456,-2692490912
38,59,72,-736048296,-1472096592
38,59,73,-75184976,-150369952
38,59,74,637693808,1275387616
38,59,75,1403937360,2807874720
38,59,76,2224894984,4449789968
38,59,77,3101915984,6203831968
38,60,61,-4845407400,-9690814800
38,60,62,-4663647360,-9327294720
38,60,63,-4443845976,-8887691952
38,60,64,-4184616960,-8369233920
38,60,65,-3884574024,-7769148048
38,60,66,-3542330880,-7084661760
38,60,67,-3156501240,-6313002480
38,60,68,-2725698816,-5451397632
38,60,69,-2248537320,-4497074640
38,60,70,-1723630464,-3447260928
38,60,71,-1149591960,-2299183920
38,60,72,-525035520,-1050071040
38,60,73,151425144,302850288
38,60,74,881176320,1762352640
38,60,75,1665604296,3331208592
38,60,76,2506095360,5012190720
38,60,77,3404035800,6808071600
38,61,62,-4509706784,-9019413568
38,61,63,-4284176400,-8568352800
38,61,64,-4018294296,-8036588592
38,61,65,-3710636720,-7421273440
38,61,66,-3359779920,-6719559840
38,61,67,-2964300144,-5928600288
38,61,68,-2522773640,-5045547280
38,61,69,-2033776656,-4067553312
38,61,70,-1495885440,-2991770880
38,61,71,-907676240,-1815352480
38,61,72,-267725304,-535450608
38,61,73,425391120,850782240
38,61,74,1173096784,2346193568
38,61,75,1976815440,3953630880
38,61,76,2837970840,5675941680
38,61,77,3757986736,7515973472
38,62,63,-4085248608,-8170497216
38,62,64,-3811807616,-7623615232
38,62,65,-3495609760,-6991219520
38,62,66,-3135193344,-6270386688
38,62,67,-2729096672,-5458193344
38,62,68,-2275858048,-4551716096
38,62,69,-1774015776,-3548031552
38,62,70,-1222108160,-2444216320
38,62,71,-618673504,-1237347008
38,62,72,37749888,75499776
38,62,73,748623712,1497247424
38,62,74,1515409664,3030819328
38,62,75,2339569440,4679138880
38,62,76,3222564736,6445129472
38,62,77,4165857248,8331714496
38,63,64,-3563617896,-7127235792
38,63,65,-3237914736,-6475829472
38,63,66,-2866952880,-5733905760
38,63,67,-2449232208,-4898464416
38,63,68,-1983252600,-3966505200
38,63,69,-1467513936,-2935027872
38,63,70,-900516096,-1801032192
38,63,71,-280758960,-561517920
38,63,72,393257592,786515184
38,63,73,1123033680,2246067360
38,63,74,1910069424,3820138848
38,63,75,2755864944,5511729888
38,63,76,3661920360,7323840720
38,63,77,4629735792,9259471584
38,64,65,-2935973240,-5871946480
38,64,66,-2553440256,-5106880512
38,64,67,-2123048136,-4246096272
38,64,68,-1643257856,-3286515712
38,64,69,-1112530392,-2225060784
38,64,70,-529326720,-1058653440
38,64,71,107892184,215784368
38,64,72,800665344,1601330688
38,64,73,1550531784,3101063568
38,64,74,2359030528,4718061056
38,64,75,3227700600,6455401200
38,64,76,4158081024,8316162048
38,64,77,5151710824,10303421648
38,65,66,-2193037200,-4386074400
38,65,67,-1748885840,-3497771680
38,65,68,-1254174376,-2508348752
38,65,69,-707324400,-1414648800
38,65,70,-106757504,-213515008
38,65,71,549104720,1098209440
38,65,72,1261840680,2523681360
38,65,73,2033028784,4066057568
38,65,74,2864247440,5728494880
38,65,75,3757075056,7514150112
38,65,76,4713090040,9426180080
38,65,77,5733870800,11467741600
38,66,67,-1325086704,-2650173408
38,66,68,-814302720,-1628605440
38,66,69,-250155216,-500310432
38,66,70,368974080,737948160
38,66,71,1044703440,2089406880
38,66,72,1778651136,3557302272
38,66,73,2572435440,5144870880
38,66,74,3427674624,6855349248
38,66,75,4345986960,8691973920
38,66,76,5328990720,10657981440
38,66,77,6378304176,12756608352
38,67,68,-321943448,-643886896
38,67,69,260717904,521435808
38,67,70,899650560,1799301120
38,67,71,1596513136,3193026272
38,67,72,2352964248,4705928496
38,67,73,3170662512,6341325024
38,67,74,4051266544,8102533088
38,67,75,4996434960,9992869920
38,67,76,6007826376,12015652752
38,67,77,7087099408,14174198816
38,68,69,827035704,1654071408
38,68,70,1487054464,2974108928
38,68,71,2206358600,4412717200
38,68,72,2986647552,5973295104
38,68,73,3829620760,7659241520
38,68,74,4736977664,9473955328
38,68,75,5710417704,11420835408
38,68,76,6751640320,13503280640
38,68,77,7862344952,15724689904
38,69,70,2132968320,4265936640
38,69,71,2876064624,5752129248
38,69,72,3681568584,7363137168
38,69,73,4551220944,9102441888
38,69,74,5486762448,10973524896
38,69,75,6489933840,12979867680
38,69,76,7562475864,15124951728
38,69,77,8706129264,17412258528
38,70,71,3607456000,7214912000
38,70,72,4439594880,8879189760
38,70,73,5337373824,10674747648
38,70,74,6302575360,12605150720
38,70,75,7336982016,14673964032
38,70,76,8442376320,16884752640
38,70,77,9620540800,19241081600
38,71,72,5262593976,10525187952
38,71,73,6189990160,12379980320
38,71,74,7186370864,14372741728
38,71,75,8253560880,16507121760
38,71,76,9393385000,18786770000
38,71,77,10607668016,21215336032
38,72,73,7110980712,14221961424
38,72,74,8140103424,16280206848
38,72,75,9241669080,18483338160
38,72,76,10417545216,20835090432
38,72,77,11669599368,23339198736
38,73,74,9165727504,18331455008
38,73,75,10303305264,20606610528
38,73,76,11516900280,23033800560
38,73,77,12808423312,25616846624
39,40,41,-2679956604,-5359913208
39,40,42,-2800328720,-5600657440
39,40,43,-2911921200,-5823842400
39,40,44,-3013967484,-6027934968
39,40,45,-3105701012,-6211402024
39,40,46,-3186355224,-6372710448
39,40,47,-3255163560,-6510327120
39,40,48,-3311359460,-6622718920
39,40,49,-3354176364,-6708352728
39,40,50,-3382847712,-6765695424
39,40,51,-3396606944,-6793213888
39,40,52,-3394687500,-6789375000
39,40,53,-3376322820,-6752645640
39,40,54,-3340746344,-6681492688
39,40,55,-3287191512,-6574383024
39,40,56,-3214891764,-6429783528
39,40,57,-3123080540,-6246161080
39,40,58,-3010991280,-6021982560
39,40,59,-2877857424,-5755714848
39,40,60,-2722912412,-5445824824
39,40,61,-2545389684,-5090779368
39,40,62,-2344522680,-4689045360
39,40,63,-2119544840,-4239089680
39,40,64,-1869689604,-3739379208
39,40,65,-1594190412,-3188380824
39,40,66,-1292280704,-2584561408
39,40,67,-963193920,-1926387840
39,40,68,-606163500,-1212327000
39,40,69,-220422884,-440845768
39,40,70,194794488,389588976
39,40,71,640255176,1280510352
39,40,72,1116725740,2233451480
39,40,73,1624972740,3249945480
39,40,74,2165762736,4331525472
39,40,75,2739862288,5479724576
39,40,76,3348037956,6696075912
39,40,77,3991056300,7982112600
39,40,78,4669683880,9339367760
39,40,79,5384687256,10769374512
39,41,42,-2953016352,-5906032704
39,41,43,-3076738236,-6153476472
39,41,44,-3190860972,-6381721944
39,41,45,-3294589194,-6589178388
39,41,46,-3387127536,-6774255072
39,41,47,-3467680632,-6935361264
39,41,48,-3535453116,-7070906232
39,41,49,-3589649622,-7179299244
39,41,50,-3629474784,-7258949568
39,41,51,-3654133236,-7308266472
39,41,52,-3662829612,-7325659224
39,41,53,-3654768546,-7309537092
39,41,54,-3629154672,-7258309344
39,41,55,-3585192624,-7170385248
39,41,56,-3522087036,-7044174072
39,41,57,-3439042542,-6878085084
39,41,58,-3335263776,-6670527552
39,41,59,-3209955372,-6419910744
39,41,60,-3062321964,-6124643928
39,41,61,-2891568186,-5783136372
39,41,62,-2696898672,-5393797344
39,41,63,-2477518056,-4955036112
39,41,64,-2232630972,-4465261944
39,41,65,-1961442054,-3922884108
39,41,66,-1663155936,-3326311872
39,41,67,-1336977252,-2673954504
39,41,68,-982110636,-1964221272
39,41,69,-597760722,-1195521444
39,41,70,-183132144,-366264288
39,41,71,262570464,525140928
39,41,72,740142468,1480284936
39,41,73,1250379234,2500758468
39,41,74,1794076128,3588152256
39,41,75,2372028516,4744057032
39,41,76,2985031764,5970063528
39,41,77,3633881238,7267762476
39,41,78,4319372304,8638744608
39,41,79,5042300328,10084600656
39,42,43,-3233561576,-6467123152
39,42,44,-3359769840,-6719539680
39,42,45,-3475502320,-6951004640
39,42,46,-3579934352,-7159868704
39,42,47,-3672241272,-7344482544
39,42,48,-3751598416,-7503196832
39,42,49,-3817181120,-7634362240
39,42,50,-3868164720,-7736329440
39,42,51,-3903724552,-7807449104
39,42,52,-3923035952,-7846071904
39,42,53,-3925274256,-7850548512
39,42,54,-3909614800,-7819229600
39,42,55,-3875232920,-7750465840
39,42,56,-3821303952,-7642607904
39,42,57,-3747003232,-7494006464
39,42,58,-3651506096,-7303012192
39,42,59,-3533987880,-7067975760
39,42,60,-3393623920,-6787247840
39,42,61,-3229589552,-6459179104
39,42,62,-3041060112,-6082120224
39,42,63,-2827210936,-5654421872
39,42,64,-2587217360,-5174434720
39,42,65,-2320254720,-4640509440
39,42,66,-2025498352,-4050996704
39,42,67,-1702123592,-3404247184
39,42,68,-1349305776,-2698611552
39,42,69,-966220240,-1932440480
39,42,70,-552042320,-1104084640
39,42,71,-105947352,-211894704
39,42,72,372889328,745778656
39,42,73,885292384,1770584768
39,42,74,1432086480,2864172960
39,42,75,2014096280,4028192560
39,42,76,2632146448,5264292896
39,42,77,3287061648,6574123296
39,42,78,3979666544,7959333088
39,42,79,4710785800,9421571600
39,43,44,-3519809352,-7039618704
39,43,45,-3647524880,-7295049760
39,43,46,-3763828896,-7527657792
39,43,47,-3867866946,-7735733892
39,43,48,-3958784576,-7917569152
39,43,49,-4035727332,-8071454664
39,43,50,-4097840760,-8195681520
39,43,51,-4144270406,-8288540812
39,43,52,-4174161816,-8348323632
39,43,53,-4186660536,-8373321072
39,43,54,-4180912112,-8361824224
39,43,55,-4156062090,-8312124180
39,43,56,-4111256016,-8222512032
39,43,57,-4045639436,-8091278872
39,43,58,-3958357896,-7916715792
39,43,59,-3848556942,-7697113884
39,43,60,-3715382120,-7430764240
39,43,61,-3557978976,-7115957952
39,43,62,-3375493056,-6750986112
39,43,63,-3167069906,-6334139812
39,43,64,-2931855072,-5863710144
39,43,65,-2668994100,-5337988200
39,43,66,-2377632536,-4755265072
39,43,67,-2056915926,-4113831852
39,43,68,-1705989816,-3411979632
39,43,69,-1323999752,-2647999504
39,43,70,-910091280,-1820182560
39,43,71,-463409946,-926819892
39,43,72,16898704,33797408
39,43,73,531689124,1063378248
39,43,74,1081815768,2163631536
39,43,75,1668133090,3336266180
39,43,76,2291495544,4582991088
39,43,77,2952757584,5905515168
39,43,78,3652773664,7305547328
39,43,79,4392398238,8784796476
39,44,45,-3809741364,-7619482728
39,44,46,-3937864392,-7875728784
39,44,47,-4053579120,-8107158240
39,44,48,-4156000812,-8312001624
39,44,49,-4244244732,-8488489464
39,44,50,-4317426144,-8634852288
39,44,51,-4374660312,-8749320624
39,44,52,-4415062500,-8830125000
39,44,53,-4437747972,-8875495944
39,44,54,-4441831992,-8883663984
39,44,55,-4426429824,-8852859648
39,44,56,-4390656732,-8781313464
39,44,57,-4333627980,-8667255960
39,44,58,-4254458832,-8508917664
39,44,59,-4152264552,-8304529104
39,44,60,-4026160404,-8052320808
39,44,61,-3875261652,-7750523304
39,44,62,-3698683560,-7397367120
39,44,63,-3495541392,-6991082784
39,44,64,-3264950412,-6529900824
39,44,65,-3006025884,-6012051768
39,44,66,-2717883072,-5435766144
39,44,67,-2399637240,-4799274480
39,44,68,-2050403652,-4100807304
39,44,69,-1669297572,-3338595144
39,44,70,-1255434264,-2510868528
39,44,71,-807928992,-1615857984
39,44,72,-325897020,-651794040
39,44,73,191546388,383092776
39,44,74,745285968,1490571936
39,44,75,1336206456,2672412912
39,44,76,1965192588,3930385176
39,44,77,2633129100,5266258200
39,44,78,3340900728,6681801456
39,44,79,4089392208,8178784416
39,45,46,-4101094064,-8202188128
39,45,47,-4228399260,-8456798520
39,45,48,-4342236340,-8684472680
39,45,49,-4441689794,-8883379588
39,45,50,-4525844112,-9051688224
39,45,51,-4593783784,-9187567568
39,45,52,-4644593300,-9289186600
39,45,53,-4677357150,-9354714300
39,45,54,-4691159824,-9382319648
39,45,55,-4685085812,-9370171624
39,45,56,-4658219604,-9316439208
39,45,57,-4609645690,-9219291380
39,45,58,-4538448560,-9076897120
39,45,59,-4443712704,-8887425408
39,45,60,-4324522612,-8649045224
39,45,61,-4179962774,-8359925548
39,45,62,-4009117680,-8018235360
39,45,63,-3811071820,-7622143640
39,45,64,-3584909684,-7169819368
39,45,65,-3329715762,-6659431524
39,45,66,-3044574544,-6089149088
39,45,67,-2728570520,-5457141040
39,45,68,-2380788180,-4761576360
39,45,69,-2000312014,-4000624028
39,45,70,-1586226512,-3172453024
39,45,71,-1137616164,-2275232328
39,45,72,-653565460,-1307130920
39,45,73,-133158890,-266317780
39,45,74,424519056,849038112
39,45,75,1020383888,2040767776
39,45,76,1655351116,3310702232
39,45,77,2330336250,4660672500
39,45,78,3046254800,6092509600
39,45,79,3804022276,7608044552
39,46,47,-4391348832,-8782697664
39,46,48,-4516480376,-9032960752
39,46,49,-4627018992,-9254037984
39,46,50,-4722017904,-9444035808
39,46,51,-4800530336,-9601060672
39,46,52,-4861609512,-9723219024
39,46,53,-4904308656,-9808617312
39,46,54,-4927680992,-9855361984
39,46,55,-4930779744,-9861559488
39,46,56,-4912658136,-9825316272
39,46,57,-4872369392,-9744738784
39,46,58,-4808966736,-9617933472
39,46,59,-4721503392,-9443006784
39,46,60,-4609032584,-9218065168
39,46,61,-4470607536,-8941215072
39,46,62,-4305281472,-8610562944
39,46,63,-4112107616,-8224215232
39,46,64,-3890139192,-7780278384
39,46,65,-3638429424,-7276858848
39,46,66,-3356031536,-6712063072
39,46,67,-3041998752,-6083997504
39,46,68,-2695384296,-5390768592
39,46,69,-2315241392,-4630482784
39,46,70,-1900623264,-3801246528
39,46,71,-1450583136,-2901166272
39,46,72,-964174232,-1928348464
39,46,73,-440449776,-880899552
39,46,74,121537008,243074016
39,46,75,722732896,1445465792
39,46,76,1364084664,2728169328
39,46,77,2046539088,4093078176
39,46,78,2771042944,5542085888
39,46,79,3538543008,7077086016
39,47,48,-4677722136,-9355444272
39,47,49,-4799188800,-9598377600
39,47,50,-4904870760,-9809741520
39,47,51,-4993789482,-9987578964
39,47,52,-5064966432,-10129932864
39,47,53,-5117423076,-10234846152
39,47,54,-5150180880,-10300361760
39,47,55,-5162261310,-10324522620
39,47,56,-5152685832,-10305371664
39,47,57,-5120475912,-10240951824
39,47,58,-5064653016,-10129306032
39,47,59,-4984238610,-9968477220
39,47,60,-4878254160,-9756508320
39,47,61,-4745721132,-9491442264
39,47,62,-4585660992,-9171321984
39,47,63,-4397095206,-8794190412
39,47,64,-4179045240,-8358090480
39,47,65,-3930532560,-7861065120
39,47,66,-3650578632,-7301157264
39,47,67,-3338204922,-6676409844
39,47,68,-2992432896,-5984865792
39,47,69,-2612284020,-5224568040
39,47,70,-2196779760,-4393559520
39,47,71,-1744941582,-3489883164
39,47,72,-1255790952,-2511581904
39,47,73,-728349336,-1456698672
39,47,74,-161638200,-323276400
39,47,75,445320990,890641980
39,47,76,1093506768,2187013536
39,47,77,1783897668,3567795336
39,47,78,2517472224,5034944448
39,47,79,3295208970,6590417940
39,48,49,-4957155692,-9914311384
39,48,50,-5073325920,-10146651840
39,48,51,-5172450736,-10344901472
39,48,52,-5253519356,-10507038712
39,48,53,-5315520996,-10631041992
39,48,54,-5357444872,-10714889744
39,48,55,-5378280200,-10756560400
39,48,56,-5377016196,-10754032392
39,48,57,-5352642076,-10705284152
39,48,58,-5304147056,-10608294112
39,48,59,-5230520352,-10461040704
39,48,60,-5130751180,-10261502360
39,48,61,-5003828756,-10007657512
39,48,62,-4848742296,-9697484592
39,48,63,-4664481016,-9328962032
39,48,64,-4450034132,-8900068264
39,48,65,-4204390860,-8408781720
39,48,66,-3926540416,-7853080832
39,48,67,-3615472016,-7230944032
39,48,68,-3270174876,-6540349752
39,48,69,-2889638212,-5779276424
39,48,70,-2472851240,-4945702480
39,48,71,-2018803176,-4037606352
39,48,72,-1526483236,-3052966472
39,48,73,-994880636,-1989761272
39,48,74,-422984592,-845969184
39,48,75,190215680,380431360
39,48,76,845730964,1691461928
39,48,77,1544572044,3089144088
39,48,78,2287749704,4575499408
39,48,79,3076274728,6152549456
39,49,50,-5226306624,-10452613248
39,49,51,-5335403612,-10670807224
39,49,52,-5426123580,-10852247160
39,49,53,-5497423002,-10994846004
39,49,54,-5548258352,-11096516704
39,49,55,-5577586104,-11155172208
39,49,56,-5584362732,-11168725464
39,49,57,-5567544710,-11135089420
39,49,58,-5526088512,-11052177024
39,49,59,-5458950612,-10917901224
39,49,60,-5365087484,-10730174968
39,49,61,-5243455602,-10486911204
39,49,62,-5093011440,-10186022880
39,49,63,-4912711472,-9825422944
39,49,64,-4701512172,-9403024344
39,49,65,-4458370014,-8916740028
39,49,66,-4182241472,-8364482944
39,49,67,-3872083020,-7744166040
39,49,68,-3526851132,-7053702264
39,49,69,-3145502282,-6291004564
39,49,70,-2726992944,-5453985888
39,49,71,-2270279592,-4540559184
39,49,72,-1774318700,-3548637400
39,49,73,-1238066742,-2476133484
39,49,74,-660480192,-1320960384
39,49,75,-40515524,-81031048
39,49,76,622870788,1245741576
39,49,77,1330722270,2661444540
39,49,78,2084082448,4168164896
39,49,79,2883994848,5767989696
39,50,51,-5481537624,-10963075248
39,50,52,-5581634400,-11163268800
39,50,53,-5661949680,-11323899360
39,50,54,-5721406704,-11442813408
39,50,55,-5758928712,-11517857424
39,50,56,-5773438944,-11546877888
39,50,57,-5763860640,-11527721280
39,50,58,-5729117040,-11458234080
39,50,59,-5668131384,-11336262768
39,50,60,-5579826912,-11159653824
39,50,61,-5463126864,-10926253728
39,50,62,-5316954480,-10633908960
39,50,63,-5140233000,-10280466000
39,50,64,-4931885664,-9863771328
39,50,65,-4690835712,-9381671424
39,50,66,-4416006384,-8832012768
39,50,67,-4106320920,-8212641840
39,50,68,-3760702560,-7521405120
39,50,69,-3378074544,-6756149088
39,50,70,-2957360112,-5914720224
39,50,71,-2497482504,-4994965008
39,50,72,-1997364960,-3994729920
39,50,73,-1455930720,-2911861440
39,50,74,-872103024,-1744206048
39,50,75,-244805112,-489610224
39,50,76,427039776,854079552
39,50,77,1144508400,2289016800
39,50,78,1908677520,3817355040
39,50,79,2720623896,5441247792
39,51,52,-5718907112,-11437814224
39,51,53,-5807921616,-11615843232
39,51,54,-5875675312,-11751350624
39,51,55,-5921057714,-11842115428
39,51,56,-5942958336,-11885916672
39,51,57,-5940266692,-11880533384
39,51,58,-5911872296,-11823744592
39,51,59,-5856664662,-11713329324
39,51,60,-5773533304,-11547066608
39,51,61,-5661367736,-11322735472
39,51,62,-5519057472,-11038114944
39,51,63,-5345492026,-10690984052
39,51,64,-5139560912,-10279121824
39,51,65,-4900153644,-9800307288
39,51,66,-4626159736,-9252319472
39,51,67,-4316468702,-8632937404
39,51,68,-3969970056,-7939940112
39,51,69,-3585553312,-7171106624
39,51,70,-3162107984,-6324215968
39,51,71,-2698523586,-5397047172
39,51,72,-2193689632,-4387379264
39,51,73,-1646495636,-3292991272
39,51,74,-1055831112,-2111662224
39,51,75,-420585574,-841171148
39,51,76,260351464,520702928
39,51,77,988090488,1976180976
39,51,78,1763741984,3527483968
39,51,79,2588416438,5176832876
39,52,53,-5934159396,-11868318792
39,52,54,-6009849560,-12019699120
39,52,55,-6062722800,-12125445600
39,52,56,-6091634412,-12183268824
39,52,57,-6095439692,-12190879384
39,52,58,-6072993936,-12145987872
39,52,59,-6023152440,-12046304880
39,52,60,-5944770500,-11889541000
39,52,61,-5836703412,-11673406824
39,52,62,-5697806472,-11395612944
39,52,63,-5526934976,-11053869952
39,52,64,-5322944220,-10645888440
39,52,65,-5084689500,-10169379000
39,52,66,-4811026112,-9622052224
39,52,67,-4500809352,-9001618704
39,52,68,-4152894516,-8305789032
39,52,69,-3766136900,-7532273800
39,52,70,-3339391800,-6678783600
39,52,71,-2871514512,-5743029024
39,52,72,-2361360332,-4722720664
39,52,73,-1807784556,-3615569112
39,52,74,-1209642480,-2419284960
39,52,75,-565789400,-1131578800
39,52,76,124919388,249838776
39,52,77,863628588,1727257176
39,52,78,1651482904,3302965808
39,52,79,2489627040,4979254080
39,53,54,-6122714832,-12245429664
39,53,55,-6182673660,-12365347320
39,53,56,-6218180676,-12436361352
39,53,57,-6228056466,-12456112932
39,53,58,-6211121616,-12422243232
39,53,59,-6166196712,-12332393424
39,53,60,-6092102340,-12184204680
39,53,61,-5987659086,-11975318172
39,53,62,-5851687536,-11703375072
39,53,63,-5683008276,-11366016552
39,53,64,-5480441892,-10960883784
39,53,65,-5242808970,-10485617940
39,53,66,-4968930096,-9937860192
39,53,67,-4657625856,-9315251712
39,53,68,-4307716836,-8615433672
39,53,69,-3918023622,-7836047244
39,53,70,-3487366800,-6974733600
39,53,71,-3014566956,-6029133912
39,53,72,-2498444676,-4996889352
39,53,73,-1937820546,-3875641092
39,53,74,-1331515152,-2663030304
39,53,75,-678349080,-1356698160
39,53,76,22857084,45714168
39,53,77,773282754,1546565508
39,53,78,1574107344,3148214688
39,53,79,2426510268,4853020536
39,54,55,-6279659984,-12559319968
39,54,56,-6321310632,-12642621264
39,54,57,-6336793840,-12673587680
39,54,58,-6324894992,-12649789984
39,54,59,-6284399472,-12568798944
39,54,60,-6214092664,-12428185328
39,54,61,-6112759952,-12225519904
39,54,62,-5979186720,-11958373440
39,54,63,-5812158352,-11624316704
39,54,64,-5610460232,-11220920464
39,54,65,-5372877744,-10745755488
39,54,66,-5098196272,-10196392544
39,54,67,-4785201200,-9570402400
39,54,68,-4432677912,-8865355824
39,54,69,-4039411792,-8078823584
39,54,70,-3604188224,-7208376448
39,54,71,-3125792592,-6251585184
39,54,72,-2603010280,-5206020560
39,54,73,-2034626672,-4069253344
39,54,74,-1419427152,-2838854304
39,54,75,-756197104,-1512394208
39,54,76,-43721912,-87443824
39,54,77,719213040,1438426080
39,54,78,1533822368,3067644736
39,54,79,2401320688,4802641376
39,55,56,-6399737784,-12799475568
39,55,57,-6420328640,-12840657280
39,55,58,-6412953720,-12825907440
39,55,59,-6376362714,-12752725428
39,55,60,-6309305312,-12618610624
39,55,61,-6210531204,-12421062408
39,55,62,-6078790080,-12157580160
39,55,63,-5912831630,-11825663260
39,55,64,-5711405544,-11422811088
39,55,65,-5473261512,-10946523024
39,55,66,-5197149224,-10394298448
39,55,67,-4881818370,-9763636740
39,55,68,-4526018640,-9052037280
39,55,69,-4128499724,-8256999448
39,55,70,-3688011312,-7376022624
39,55,71,-3203303094,-6406606188
39,55,72,-2673124760,-5346249520
39,55,73,-2096226000,-4192452000
39,55,74,-1471356504,-2942713008
39,55,75,-797265962,-1594531924
39,55,76,-72704064,-145408128
39,55,77,703579500,1407159000
39,55,78,1532835040,3065670080
39,55,79,2416312866,4832625732
39,56,57,-6477337692,-12954675384
39,56,58,-6473937456,-12947874912
39,56,59,-6440688432,-12881376864
39,56,60,-6376304124,-12752608248
39,56,61,-6279498036,-12558996072
39,56,62,-6148983672,-12297967344
39,56,63,-5983474536,-11966949072
39,56,64,-5781684132,-11563368264
39,56,65,-5542325964,-11084651928
39,56,66,-5264113536,-10528227072
39,56,67,-4945760352,-9891520704
39,56,68,-4585979916,-9171959832
39,56,69,-4183485732,-8366971464
39,56,70,-3736991304,-7473982608
39,56,71,-3245210136,-6490420272
39,56,72,-2706855732,-5413711464
39,56,73,-2120641596,-4241283192
39,56,74,-1485281232,-2970562464
39,56,75,-799488144,-1598976288
39,56,76,-61975836,-123951672
39,56,77,728542188,1457084376
39,56,78,1573352424,3146704848
39,56,79,2473741368,4947482736
39,57,58,-6506485856,-13012971712
39,57,59,-6475978620,-12951957240
39,57,60,-6413652940,-12827305880
39,57,61,-6318185642,-12636371284
39,57,62,-6188253552,-12376507104
39,57,63,-6022533496,-12045066992
39,57,64,-5819702300,-11639404600
39,57,65,-5578436790,-11156873580
39,57,66,-5297413792,-10594827584
39,57,67,-4975310132,-9950620264
39,57,68,-4610802636,-9221605272
39,57,69,-4202568130,-8405136260
39,57,70,-3749283440,-7498566880
39,57,71,-3249625392,-6499250784
39,57,72,-2702270812,-5404541624
39,57,73,-2105896526,-4211793052
39,57,74,-1459179360,-2918358720
39,57,75,-760796140,-1521592280
39,57,76,-9423692,-18847384
39,57,77,796261158,1592522316
39,57,78,1657581584,3315163168
39,57,79,2575860760,5151721520
39,58,59,-6480835272,-12961670544
39,58,60,-6419915600,-12839831200
39,58,61,-6325119216,-12650238432
39,58,62,-6195085776,-12390171552
39,58,63,-6028454936,-12056909872
39,58,64,-5823866352,-11647732704
39,58,65,-5579959680,-11159919360
39,58,66,-5295374576,-10590749152
39,58,67,-4968750696,-9937501392
39,58,68,-4598727696,-9197455392
39,58,69,-4183945232,-8367890464
39,58,70,-3723042960,-7446085920
39,58,71,-3214660536,-6429321072
39,58,72,-2657437616,-5314875232
39,58,73,-2050013856,-4100027712
39,58,74,-1391028912,-2782057824
39,58,75,-679122440,-1358244880
39,58,76,87065904,174131808
39,58,77,908896464,1817792928
39,58,78,1787729584,3575459168
39,58,79,2724925608,5449851216
39,59,60,-6393655944,-12787311888
39,59,61,-6298823952,-12597647904
39,59,62,-6167966400,-12335932800
39,59,63,-5999685282,-11999370564
39,59,64,-5792582592,-11585165184
39,59,65,-5545260324,-11090520648
39,59,66,-5256320472,-10512640944
39,59,67,-4924365030,-9848730060
39,59,68,-4547995992,-9095991984
39,59,69,-4125815352,-8251630704
39,59,70,-3656425104,-7312850208
39,59,71,-3138427242,-6276854484
39,59,72,-2570423760,-5140847520
39,59,73,-1951016652,-3902033304
39,59,74,-1278807912,-2557615824
39,59,75,-552399534,-1104799068
39,59,76,229606488,459212976
39,59,77,1068608160,2137216320
39,59,78,1966003488,3932006976
39,59,79,2923190478,5846380956
39,60,61,-6237825044,-12475650088
39,60,62,-6105381480,-12210762960
39,60,63,-5934670960,-11869341920
39,60,64,-5724257324,-11448514648
39,60,65,-5472704412,-10945408824
39,60,66,-5178576064,-10357152128
39,60,67,-4840436120,-9680872240
39,60,68,-4456848420,-8913696840
39,60,69,-4026376804,-8052753608
39,60,70,-3547585112,-7095170224
39,60,71,-3019037184,-6038074368
39,60,72,-2439296860,-4878593720
39,60,73,-1806927980,-3613855960
39,60,74,-1120494384,-2240988768
39,60,75,-378559912,-757119824
39,60,76,420311596,840623192
39,60,77,1277556300,2555112600
39,60,78,2194610360,4389220720
39,60,79,3172909936,6345819872
39,61,62,-6005817072,-12011634144
39,61,63,-5831858396,-11663716792
39,61,64,-5617296852,-11234593704
39,61,65,-5360657634,-10721315268
39,61,66,-5060465936,-10120931872
39,61,67,-4715246952,-9430493904
39,61,68,-4323525876,-8647051752
39,61,69,-3883827902,-7767655804
39,61,70,-3394678224,-6789356448
39,61,71,-2854602036,-5709204072
39,61,72,-2262124532,-4524249064
39,61,73,-1615770906,-3231541812
39,61,74,-914066352,-1828132704
39,61,75,-155536064,-311072128
39,61,76,661294764,1322589528
39,61,77,1537900938,3075801876
39,61,78,2475757264,4951514528
39,61,79,3476338548,6952677096
39,62,63,-5689694016,-11379388032
39,62,64,-5470107480,-10940214960
39,62,65,-5207485680,-10414971360
39,62,66,-4900314672,-9800629344
39,62,67,-4547080512,-9094161024
39,62,68,-4146269256,-8292538512
39,62,69,-3696366960,-7392733920
39,62,70,-3195859680,-6391719360
39,62,71,-2643233472,-5286466944
39,62,72,-2036974392,-4073948784
39,62,73,-1375568496,-2751136992
39,62,74,-657501840,-1315003680
39,62,75,118739520,237479040
39,62,76,954669528,1909339056
39,62,77,1851802128,3703604256
39,62,78,2811651264,5623302528
39,62,79,3835730880,7671461760
39,63,64,-5281095512,-10562191024
39,63,65,-5011554240,-10023108480
39,63,66,-4696446856,-9392893712
39,63,67,-4334219786,-8668439572
39,63,68,-3923319456,-7846638912
39,63,69,-3462192292,-6924384584
39,63,70,-2949284720,-5898569440
39,63,71,-2383043166,-4766086332
39,63,72,-1761914056,-3523828112
39,63,73,-1084343816,-2168687632
39,63,74,-348778872,-697557744
39,63,75,446334350,892668700
39,63,76,1302549424,2605098848
39,63,77,2221419924,4442839848
39,63,78,3204499424,6408998848
39,63,79,4253341498,8506682996
39,64,65,-4771229004,-9542458008
39,64,66,-4447187072,-8894374144
39,64,67,-4074947760,-8149895520
39,64,68,-3652917372,-7305834744
39,64,69,-3179502212,-6359004424
39,64,70,-2653108584,-5306217168
39,64,71,-2072142792,-4144285584
39,64,72,-1435011140,-2870022280
39,64,73,-740119932,-1480239864
39,64,74,14124528,28249056
39,64,75,829315936,1658631872
39,64,76,1707047988,3414095976
39,64,77,2648914380,5297828760
39,64,78,3656508808,7313017616
39,64,79,4731424968,9462849936
39,65,66,-4150859904,-8301719808
39,65,67,-3767547420,-7535094840
39,65,68,-3333303900,-6666607800
39,65,69,-2846495034,-5692990068
39,65,70,-2305486512,-4610973024
39,65,71,-1708644024,-3417288048
39,65,72,-1054333260,-2108666520
39,65,73,-340919910,-681839820
39,65,74,433230336,866460672
39,65,75,1269751788,2539503576
39,65,76,2170278756,4340557512
39,65,77,3136445550,6272891100
39,65,78,4169886480,8339772960
39,65,79,5272235856,10544471712
39,66,67,-3410301752,-6820603504
39,66,68,-2962719936,-5925439872
39,66,69,-2461369072,-4922738144
39,66,70,-1904573744,-3809147488
39,66,71,-1290658536,-2581317072
39,66,72,-617948032,-1235896064
39,66,73,115233184,230466368
39,66,74,910560528,1821121056
39,66,75,1769709416,3539418832
39,66,76,2694355264,5388710528
39,66,77,3686173488,7372346976
39,66,78,4746839504,9493679008
39,66,79,5878028728,11756057456
39,67,68,-2539406376,-5078812752
39,67,69,-2022322640,-4044645280
39,67,70,-1448525520,-2897051040
39,67,71,-816298002,-1632596004
39,67,72,-123923072,-247846144
39,67,73,630316284,1260632568
39,67,74,1448137080,2896274160
39,67,75,2331256330,4662512660
39,67,76,3281391048,6562782096
39,67,77,4300258248,8600516496
39,67,78,5389574944,10779149888
39,67,79,6551058150,13102116300
39,68,69,-1527554052,-3055108104
39,68,70,-935497080,-1870994160
39,68,71,-283674096,-567348192
39,68,72,429674004,859348008
39,68,73,1206306324,2412612648
39,68,74,2047981968,4095963936
39,68,75,2956460040,5912920080
39,68,76,3933499644,7866999288
39,68,77,4980859884,9961719768
39,68,78,6100299864,12200599728
39,68,79,7293578688,14587157376
39,69,70,-363643664,-727287328
39,69,71,309101508,618203016
39,69,72,1044775580,2089551160
39,69,73,1845180238,3690360476
39,69,74,2712117168,5424234336
39,69,75,3647388056,7294776112
39,69,76,4652794588,9305589176
39,69,77,5730138450,11460276900
39,69,78,6881221328,13762442656
39,69,79,8107844908,16215689816
39,70,71,963917136,1927834272
39,70,72,1723314040,3446628080
39,70,73,2548914960,5097829920
39,70,74,3442564656,6885129312
39,70,75,4406107888,8812215776
39,70,76,5441389416,10882778832
39,70,77,6550254000,13100508000
39,70,78,7734546400,15469092800
39,70,79,8996111376,17992222752
39,71,72,2467221768,4934443536
39,71,73,3319487424,6638974848
39,71,74,4241346408,8482692816
39,71,75,5234687046,10469374092
39,71,76,6301397664,12602795328
39,71,77,7443366588,14886733176
39,71,78,8662482144,17324964288
39,71,79,9960632658,19921265316
39,72,73,4158874564,8317749128
39,72,74,5110484400,10220968800
39,72,75,6135193040,12270386080
39,72,76,7234932868,14469865736
39,72,77,8411636268,16823272536
39,72,78,9667235624,19334471248
39,72,79,11003663320,22007326640
39,73,74,6052000608,12104001216
39,73,75,7109693380,14219386760
39,73,76,8244108564,16488217128
39,73,77,9457223094,18914446188
39,73,78,10751013904,21502027808
39,73,79,12127457928,24254915856
39,74,75,8160255576,16320511152
39,74,76,9331038288,18662076576
39,74,77,10582287120,21164574240
39,74,78,11916024048,23832048096
39,74,79,13334271048,26668542096
39,75,76,10497835576,20995671152
39,75,77,11788988400,23577976800
39,75,78,13164473120,26328946240
39,75,79,14626357246,29252714492
